--
-- PostgreSQL database dump
--

\restrict HWQrj4IGwoa5NfCOGTsuDtfqRE82D9EolkTKjsu4oSXSx6KCZ0cUJoXSsUGOVZC

-- Dumped from database version 17.9
-- Dumped by pg_dump version 17.9

-- Started on 2026-04-20 06:12:52

SET statement_timeout = 0;
SET lock_timeout = 0;
SET idle_in_transaction_session_timeout = 0;
SET transaction_timeout = 0;
SET client_encoding = 'UTF8';
SET standard_conforming_strings = on;
SELECT pg_catalog.set_config('search_path', '', false);
SET check_function_bodies = false;
SET xmloption = content;
SET client_min_messages = warning;
SET row_security = off;

--
-- TOC entry 6 (class 2615 OID 16719)
-- Name: public; Type: SCHEMA; Schema: -; Owner: -
--

-- *not* creating schema, since initdb creates it


--
-- TOC entry 5285 (class 0 OID 0)
-- Dependencies: 6
-- Name: SCHEMA public; Type: COMMENT; Schema: -; Owner: -
--

COMMENT ON SCHEMA public IS '';


--
-- TOC entry 2 (class 3079 OID 16720)
-- Name: vector; Type: EXTENSION; Schema: -; Owner: -
--

CREATE EXTENSION IF NOT EXISTS vector WITH SCHEMA public;


--
-- TOC entry 5286 (class 0 OID 0)
-- Dependencies: 2
-- Name: EXTENSION vector; Type: COMMENT; Schema: -; Owner: -
--

COMMENT ON EXTENSION vector IS 'vector data type and ivfflat and hnsw access methods';


--
-- TOC entry 230 (class 1259 OID 17115)
-- Name: ai_forecasts_forecast_id_seq; Type: SEQUENCE; Schema: public; Owner: -
--

CREATE SEQUENCE public.ai_forecasts_forecast_id_seq
    START WITH 1
    INCREMENT BY 1
    NO MINVALUE
    NO MAXVALUE
    CACHE 1;


SET default_tablespace = '';

SET default_table_access_method = heap;

--
-- TOC entry 231 (class 1259 OID 17116)
-- Name: ai_forecasts; Type: TABLE; Schema: public; Owner: -
--

CREATE TABLE public.ai_forecasts (
    forecast_id integer DEFAULT nextval('public.ai_forecasts_forecast_id_seq'::regclass) NOT NULL,
    variant_id integer NOT NULL,
    forecast_month date NOT NULL,
    predicted_demand integer,
    suggested_import integer,
    created_at timestamp without time zone DEFAULT CURRENT_TIMESTAMP,
    CONSTRAINT ai_forecasts_predicted_demand_check CHECK ((predicted_demand >= 0)),
    CONSTRAINT ai_forecasts_suggested_import_check CHECK ((suggested_import >= 0))
);


--
-- TOC entry 222 (class 1259 OID 17059)
-- Name: categories_category_id_seq; Type: SEQUENCE; Schema: public; Owner: -
--

CREATE SEQUENCE public.categories_category_id_seq
    START WITH 1
    INCREMENT BY 1
    NO MINVALUE
    NO MAXVALUE
    CACHE 1;


--
-- TOC entry 223 (class 1259 OID 17060)
-- Name: categories; Type: TABLE; Schema: public; Owner: -
--

CREATE TABLE public.categories (
    category_id integer DEFAULT nextval('public.categories_category_id_seq'::regclass) NOT NULL,
    category_name character varying(100) NOT NULL,
    description text,
    created_by integer,
    created_at timestamp without time zone DEFAULT CURRENT_TIMESTAMP,
    is_deleted boolean DEFAULT false,
    logo character varying(255) DEFAULT NULL::character varying,
    status boolean DEFAULT true
);


--
-- TOC entry 242 (class 1259 OID 25452)
-- Name: chat_history; Type: TABLE; Schema: public; Owner: -
--

CREATE TABLE public.chat_history (
    id integer NOT NULL,
    user_id integer NOT NULL,
    message text NOT NULL,
    response text NOT NULL,
    created_at timestamp with time zone DEFAULT CURRENT_TIMESTAMP
);


--
-- TOC entry 241 (class 1259 OID 25451)
-- Name: chat_history_id_seq; Type: SEQUENCE; Schema: public; Owner: -
--

ALTER TABLE public.chat_history ALTER COLUMN id ADD GENERATED BY DEFAULT AS IDENTITY (
    SEQUENCE NAME public.chat_history_id_seq
    START WITH 1
    INCREMENT BY 1
    NO MINVALUE
    NO MAXVALUE
    CACHE 1
);


--
-- TOC entry 227 (class 1259 OID 17097)
-- Name: inventory_inventory_id_seq; Type: SEQUENCE; Schema: public; Owner: -
--

CREATE SEQUENCE public.inventory_inventory_id_seq
    START WITH 1
    INCREMENT BY 1
    NO MINVALUE
    NO MAXVALUE
    CACHE 1;


--
-- TOC entry 228 (class 1259 OID 17104)
-- Name: pending_imports_approval_id_seq; Type: SEQUENCE; Schema: public; Owner: -
--

CREATE SEQUENCE public.pending_imports_approval_id_seq
    START WITH 1
    INCREMENT BY 1
    NO MINVALUE
    NO MAXVALUE
    CACHE 1;


--
-- TOC entry 229 (class 1259 OID 17105)
-- Name: pending_imports; Type: TABLE; Schema: public; Owner: -
--

CREATE TABLE public.pending_imports (
    approval_id integer DEFAULT nextval('public.pending_imports_approval_id_seq'::regclass) NOT NULL,
    staff_id integer NOT NULL,
    image_url text,
    suggested_qty integer,
    ai_recognized jsonb,
    status character varying(20) DEFAULT 'PENDING'::character varying,
    manager_id integer,
    created_at timestamp without time zone DEFAULT CURRENT_TIMESTAMP,
    CONSTRAINT pending_imports_status_check CHECK (((status)::text = ANY (ARRAY[('PENDING'::character varying)::text, ('APPROVED'::character varying)::text, ('REJECTED'::character varying)::text]))),
    CONSTRAINT pending_imports_suggested_qty_check CHECK ((suggested_qty >= 0))
);


--
-- TOC entry 238 (class 1259 OID 17413)
-- Name: product_variants; Type: TABLE; Schema: public; Owner: -
--

CREATE TABLE public.product_variants (
    variant_id integer NOT NULL,
    product_id integer NOT NULL,
    size character varying(10) NOT NULL,
    color character varying(50) NOT NULL,
    is_deleted boolean DEFAULT false,
    created_at timestamp without time zone DEFAULT CURRENT_TIMESTAMP,
    stock integer DEFAULT 0,
    status boolean DEFAULT true,
    sku character varying(50)
);


--
-- TOC entry 226 (class 1259 OID 17088)
-- Name: product_variants_variant_id_seq; Type: SEQUENCE; Schema: public; Owner: -
--

CREATE SEQUENCE public.product_variants_variant_id_seq
    START WITH 1
    INCREMENT BY 1
    NO MINVALUE
    NO MAXVALUE
    CACHE 1;


--
-- TOC entry 237 (class 1259 OID 17412)
-- Name: product_variants_variant_id_seq1; Type: SEQUENCE; Schema: public; Owner: -
--

ALTER TABLE public.product_variants ALTER COLUMN variant_id ADD GENERATED BY DEFAULT AS IDENTITY (
    SEQUENCE NAME public.product_variants_variant_id_seq1
    START WITH 1
    INCREMENT BY 1
    NO MINVALUE
    NO MAXVALUE
    CACHE 1
);


--
-- TOC entry 236 (class 1259 OID 17392)
-- Name: products; Type: TABLE; Schema: public; Owner: -
--

CREATE TABLE public.products (
    product_id integer NOT NULL,
    product_name character varying(150) NOT NULL,
    category_id integer NOT NULL,
    is_deleted boolean DEFAULT false,
    created_by integer,
    created_at timestamp without time zone DEFAULT CURRENT_TIMESTAMP,
    product_image character varying(255),
    status boolean DEFAULT true,
    image_embedding public.vector(512)
);


--
-- TOC entry 225 (class 1259 OID 17078)
-- Name: products_product_id_seq; Type: SEQUENCE; Schema: public; Owner: -
--

CREATE SEQUENCE public.products_product_id_seq
    START WITH 1
    INCREMENT BY 1
    NO MINVALUE
    NO MAXVALUE
    CACHE 1;


--
-- TOC entry 235 (class 1259 OID 17391)
-- Name: products_product_id_seq1; Type: SEQUENCE; Schema: public; Owner: -
--

ALTER TABLE public.products ALTER COLUMN product_id ADD GENERATED BY DEFAULT AS IDENTITY (
    SEQUENCE NAME public.products_product_id_seq1
    START WITH 1
    INCREMENT BY 1
    NO MINVALUE
    NO MAXVALUE
    CACHE 1
);


--
-- TOC entry 244 (class 1259 OID 33644)
-- Name: shelves; Type: TABLE; Schema: public; Owner: -
--

CREATE TABLE public.shelves (
    shelf_id integer NOT NULL,
    shelf_name character varying(5) NOT NULL,
    total_tiers integer DEFAULT 4,
    slots_per_tier integer DEFAULT 6,
    max_capacity_per_slot integer DEFAULT 4,
    layout jsonb DEFAULT '{}'::jsonb NOT NULL,
    created_at timestamp without time zone DEFAULT CURRENT_TIMESTAMP,
    updated_at timestamp without time zone DEFAULT CURRENT_TIMESTAMP
);


--
-- TOC entry 224 (class 1259 OID 17070)
-- Name: shelves_shelf_id_seq; Type: SEQUENCE; Schema: public; Owner: -
--

CREATE SEQUENCE public.shelves_shelf_id_seq
    START WITH 1
    INCREMENT BY 1
    NO MINVALUE
    NO MAXVALUE
    CACHE 1;


--
-- TOC entry 243 (class 1259 OID 33643)
-- Name: shelves_shelf_id_seq1; Type: SEQUENCE; Schema: public; Owner: -
--

ALTER TABLE public.shelves ALTER COLUMN shelf_id ADD GENERATED BY DEFAULT AS IDENTITY (
    SEQUENCE NAME public.shelves_shelf_id_seq1
    START WITH 1
    INCREMENT BY 1
    NO MINVALUE
    NO MAXVALUE
    CACHE 1
);


--
-- TOC entry 232 (class 1259 OID 17123)
-- Name: system_logs_log_id_seq; Type: SEQUENCE; Schema: public; Owner: -
--

CREATE SEQUENCE public.system_logs_log_id_seq
    START WITH 1
    INCREMENT BY 1
    NO MINVALUE
    NO MAXVALUE
    CACHE 1;


--
-- TOC entry 233 (class 1259 OID 17124)
-- Name: system_logs; Type: TABLE; Schema: public; Owner: -
--

CREATE TABLE public.system_logs (
    log_id integer DEFAULT nextval('public.system_logs_log_id_seq'::regclass) NOT NULL,
    user_id integer,
    action_type character varying(50) NOT NULL,
    table_affected character varying(50),
    details jsonb,
    created_at timestamp without time zone DEFAULT CURRENT_TIMESTAMP
);


--
-- TOC entry 240 (class 1259 OID 17430)
-- Name: transactions; Type: TABLE; Schema: public; Owner: -
--

CREATE TABLE public.transactions (
    transaction_id integer NOT NULL,
    transaction_type character varying(20) NOT NULL,
    variant_id integer NOT NULL,
    quantity integer NOT NULL,
    user_id integer,
    reference_id character varying(50),
    created_at timestamp without time zone DEFAULT CURRENT_TIMESTAMP,
    CONSTRAINT transactions_quantity_check CHECK ((quantity > 0)),
    CONSTRAINT transactions_transaction_type_check CHECK (((transaction_type)::text = ANY (ARRAY[('IMPORT'::character varying)::text, ('EXPORT'::character varying)::text])))
);


--
-- TOC entry 234 (class 1259 OID 17131)
-- Name: transactions_transaction_id_seq; Type: SEQUENCE; Schema: public; Owner: -
--

CREATE SEQUENCE public.transactions_transaction_id_seq
    START WITH 1
    INCREMENT BY 1
    NO MINVALUE
    NO MAXVALUE
    CACHE 1;


--
-- TOC entry 239 (class 1259 OID 17429)
-- Name: transactions_transaction_id_seq1; Type: SEQUENCE; Schema: public; Owner: -
--

ALTER TABLE public.transactions ALTER COLUMN transaction_id ADD GENERATED BY DEFAULT AS IDENTITY (
    SEQUENCE NAME public.transactions_transaction_id_seq1
    START WITH 1
    INCREMENT BY 1
    NO MINVALUE
    NO MAXVALUE
    CACHE 1
);


--
-- TOC entry 220 (class 1259 OID 17048)
-- Name: users_user_id_seq; Type: SEQUENCE; Schema: public; Owner: -
--

CREATE SEQUENCE public.users_user_id_seq
    START WITH 1
    INCREMENT BY 1
    NO MINVALUE
    NO MAXVALUE
    CACHE 1;


--
-- TOC entry 221 (class 1259 OID 17049)
-- Name: users; Type: TABLE; Schema: public; Owner: -
--

CREATE TABLE public.users (
    user_id integer DEFAULT nextval('public.users_user_id_seq'::regclass) NOT NULL,
    username character varying(50) NOT NULL,
    password_hash character varying(255) NOT NULL,
    full_name character varying(100),
    role character varying(20) NOT NULL,
    status boolean DEFAULT true,
    created_at timestamp without time zone DEFAULT CURRENT_TIMESTAMP,
    is_deleted boolean DEFAULT false,
    phone_number character varying(20),
    address text,
    CONSTRAINT users_role_check CHECK (((role)::text = ANY (ARRAY[('MANAGER'::character varying)::text, ('STAFF'::character varying)::text])))
);


--
-- TOC entry 5266 (class 0 OID 17116)
-- Dependencies: 231
-- Data for Name: ai_forecasts; Type: TABLE DATA; Schema: public; Owner: -
--



--
-- TOC entry 5258 (class 0 OID 17060)
-- Dependencies: 223
-- Data for Name: categories; Type: TABLE DATA; Schema: public; Owner: -
--

INSERT INTO public.categories (category_id, category_name, description, created_by, created_at, is_deleted, logo, status) VALUES (2, 'Adidas', 'Adidas brand shoes', 1, '2026-03-31 13:12:46.232382', false, 'logo_adidas.jpg', true);
INSERT INTO public.categories (category_id, category_name, description, created_by, created_at, is_deleted, logo, status) VALUES (3, 'Jordan', 'Jordan brand shoes', 1, '2026-03-31 13:12:46.232382', false, 'logo_jordan.jpg', true);
INSERT INTO public.categories (category_id, category_name, description, created_by, created_at, is_deleted, logo, status) VALUES (4, 'Vans', 'Vans brand shoes', 1, '2026-03-31 13:12:46.232382', false, 'logo_van.jpg', true);
INSERT INTO public.categories (category_id, category_name, description, created_by, created_at, is_deleted, logo, status) VALUES (5, 'Converse', 'Converse brand shoes', 1, '2026-03-31 13:12:46.232382', false, 'logo_converse.jpg', true);
INSERT INTO public.categories (category_id, category_name, description, created_by, created_at, is_deleted, logo, status) VALUES (11, 'Puma', NULL, 1, '2026-03-31 13:12:46.232382', false, 'puma_1774519214.jpg', true);
INSERT INTO public.categories (category_id, category_name, description, created_by, created_at, is_deleted, logo, status) VALUES (12, 'brand_test', NULL, 1, '2026-04-02 23:06:08.215619', false, 'default_brand.jpg', true);
INSERT INTO public.categories (category_id, category_name, description, created_by, created_at, is_deleted, logo, status) VALUES (13, 'brand_test123', NULL, 1, '2026-04-04 09:17:23.87494', false, 'brand_test123_1775269043.jpg', true);
INSERT INTO public.categories (category_id, category_name, description, created_by, created_at, is_deleted, logo, status) VALUES (1, 'Nike', 'Nike brand shoes', 1, '2026-03-31 13:12:46.232382', false, 'logo_nike.jpg', true);


--
-- TOC entry 5277 (class 0 OID 25452)
-- Dependencies: 242
-- Data for Name: chat_history; Type: TABLE DATA; Schema: public; Owner: -
--



--
-- TOC entry 5264 (class 0 OID 17105)
-- Dependencies: 229
-- Data for Name: pending_imports; Type: TABLE DATA; Schema: public; Owner: -
--

INSERT INTO public.pending_imports (approval_id, staff_id, image_url, suggested_qty, ai_recognized, status, manager_id, created_at) VALUES (1, 2, '/uploads/nike_dunk.jpg', 20, '{"brand": "Nike", "model": "Dunk", "confidence": 0.95}', 'PENDING', 1, '2026-03-31 13:12:46.232382');
INSERT INTO public.pending_imports (approval_id, staff_id, image_url, suggested_qty, ai_recognized, status, manager_id, created_at) VALUES (2, 3, '/uploads/nike_dunk2.jpg', 15, '{"brand": "Nike", "model": "Dunk", "confidence": 0.95}', 'PENDING', 1, '2026-03-31 13:12:46.232382');


--
-- TOC entry 5273 (class 0 OID 17413)
-- Dependencies: 238
-- Data for Name: product_variants; Type: TABLE DATA; Schema: public; Owner: -
--

INSERT INTO public.product_variants (variant_id, product_id, size, color, is_deleted, created_at, stock, status, sku) VALUES (48, 12, '41', 'Black/white', false, '2026-04-18 18:56:25.210819', 14, true, 'JO-JJ1LDB2-BLA-41');
INSERT INTO public.product_variants (variant_id, product_id, size, color, is_deleted, created_at, stock, status, sku) VALUES (52, 5, '1', 'Đen', false, '2026-04-20 01:34:14.255386', 0, true, 'CO-CCTASMP-BLA-1');
INSERT INTO public.product_variants (variant_id, product_id, size, color, is_deleted, created_at, stock, status, sku) VALUES (22, 5, '37', 'Pink', false, '2026-04-02 20:19:56.550541', 5, true, 'CO-CTASMP-PIN-37');
INSERT INTO public.product_variants (variant_id, product_id, size, color, is_deleted, created_at, stock, status, sku) VALUES (15, 2, '40', 'Black', false, '2026-04-02 20:19:56.550541', 10, true, 'NI-NBPL-BLA-40');
INSERT INTO public.product_variants (variant_id, product_id, size, color, is_deleted, created_at, stock, status, sku) VALUES (50, 2, '40', 'Trắng', false, '2026-04-19 01:17:17.882074', 0, true, 'NI-NNBPL-WHI-40');
INSERT INTO public.product_variants (variant_id, product_id, size, color, is_deleted, created_at, stock, status, sku) VALUES (54, 10, '43', 'Mocha', false, '2026-04-20 02:00:41.007158', 0, true, 'VA-VVOSC-MOC-43');
INSERT INTO public.product_variants (variant_id, product_id, size, color, is_deleted, created_at, stock, status, sku) VALUES (12, 11, '43', 'Black/off white', false, '2026-04-02 20:09:00.280264', 10, true, 'VA-VVCSC-BLA-43');
INSERT INTO public.product_variants (variant_id, product_id, size, color, is_deleted, created_at, stock, status, sku) VALUES (14, 1, '43', 'Blue', false, '2026-04-02 20:19:56.550541', 15, true, 'NI-NAF1-BLU-43');
INSERT INTO public.product_variants (variant_id, product_id, size, color, is_deleted, created_at, stock, status, sku) VALUES (2, 2, '41', 'Trắng', false, '2026-04-02 19:55:29.618771', 15, true, 'NI-NNBPL-WHI-41');
INSERT INTO public.product_variants (variant_id, product_id, size, color, is_deleted, created_at, stock, status, sku) VALUES (1, 1, '41', 'Trắng', false, '2026-04-02 19:54:53.038257', 15, true, 'NI-NNAF1-WHI-41');
INSERT INTO public.product_variants (variant_id, product_id, size, color, is_deleted, created_at, stock, status, sku) VALUES (13, 1, '42', 'Black', false, '2026-04-02 20:19:56.550541', 10, true, 'NI-NAF1-BLA-42');
INSERT INTO public.product_variants (variant_id, product_id, size, color, is_deleted, created_at, stock, status, sku) VALUES (11, 10, '42', 'Đen', false, '2026-04-02 20:08:06.722188', 10, true, 'VA-VVOSC-BLA-42');
INSERT INTO public.product_variants (variant_id, product_id, size, color, is_deleted, created_at, stock, status, sku) VALUES (9, 8, '42', 'Patent bred', false, '2026-04-02 20:04:56.170252', 10, true, 'JO-JAJ1RHO-PAT-42');
INSERT INTO public.product_variants (variant_id, product_id, size, color, is_deleted, created_at, stock, status, sku) VALUES (8, 7, '40', 'Trắng', false, '2026-04-02 20:03:12.840903', 10, true, 'AD-AASV-WHI-40');
INSERT INTO public.product_variants (variant_id, product_id, size, color, is_deleted, created_at, stock, status, sku) VALUES (17, 3, '42', 'Black', false, '2026-04-02 20:19:56.550541', 8, true, 'NI-NSW-BLA-42');
INSERT INTO public.product_variants (variant_id, product_id, size, color, is_deleted, created_at, stock, status, sku) VALUES (29, 10, '42', 'Mocha', false, '2026-04-02 20:19:56.550541', 8, true, 'JO-TSXAJ1L-MOC-42');
INSERT INTO public.product_variants (variant_id, product_id, size, color, is_deleted, created_at, stock, status, sku) VALUES (27, 8, '43', 'Royal Blue', false, '2026-04-02 20:19:56.550541', 8, true, 'JO-AJ1RHO-ROY-43');
INSERT INTO public.product_variants (variant_id, product_id, size, color, is_deleted, created_at, stock, status, sku) VALUES (30, 10, '41', 'Olive', false, '2026-04-02 20:19:56.550541', 8, true, 'JO-TSXAJ1L-OLI-41');
INSERT INTO public.product_variants (variant_id, product_id, size, color, is_deleted, created_at, stock, status, sku) VALUES (23, 6, '42', 'Black', false, '2026-04-02 20:19:56.550541', 8, true, 'AD-SOG-BLA-42');
INSERT INTO public.product_variants (variant_id, product_id, size, color, is_deleted, created_at, stock, status, sku) VALUES (36, 2, '38', 'Trắng', false, '2026-04-03 23:05:11.8965', 5, true, 'NI-NNBPL-WHI-38');
INSERT INTO public.product_variants (variant_id, product_id, size, color, is_deleted, created_at, stock, status, sku) VALUES (56, 6, '39', 'Trắng', true, '2026-04-20 02:04:59.564678', 3, false, 'AD-ASO-WHI-39');
INSERT INTO public.product_variants (variant_id, product_id, size, color, is_deleted, created_at, stock, status, sku) VALUES (60, 10, '47', 'Đen', false, '2026-04-20 06:06:04.218929', 0, true, 'VA-VVOSC-BLA-47');
INSERT INTO public.product_variants (variant_id, product_id, size, color, is_deleted, created_at, stock, status, sku) VALUES (58, 11, '49', 'Black/off white', false, '2026-04-20 06:03:01.880177', 0, true, 'VA-VVCSC-BLA-49');
INSERT INTO public.product_variants (variant_id, product_id, size, color, is_deleted, created_at, stock, status, sku) VALUES (37, 1, '50', 'Trắng', false, '2026-04-04 09:30:54.159711', 5, true, 'NI-NNAF1-WHI-50');
INSERT INTO public.product_variants (variant_id, product_id, size, color, is_deleted, created_at, stock, status, sku) VALUES (39, 1, '37', 'Đỏ', false, '2026-04-05 10:05:16.136364', 5, true, 'NI-NNAF1-RED-37');
INSERT INTO public.product_variants (variant_id, product_id, size, color, is_deleted, created_at, stock, status, sku) VALUES (35, 1, '45', 'Trắng', false, '2026-04-02 23:07:58.009755', 5, true, 'NI-NNAF1-WHI-45');
INSERT INTO public.product_variants (variant_id, product_id, size, color, is_deleted, created_at, stock, status, sku) VALUES (32, 10, '41', 'Red', false, '2026-04-02 20:19:56.550541', 5, true, 'VA-VOSC-RED-41');
INSERT INTO public.product_variants (variant_id, product_id, size, color, is_deleted, created_at, stock, status, sku) VALUES (33, 11, '42', 'Red', false, '2026-04-02 20:19:56.550541', 5, true, 'VA-VCSCP-RED-42');
INSERT INTO public.product_variants (variant_id, product_id, size, color, is_deleted, created_at, stock, status, sku) VALUES (41, 1, '39', 'Cam', false, '2026-04-05 21:36:22.938292', 3, true, 'NI-NNAF1-ORA-39');
INSERT INTO public.product_variants (variant_id, product_id, size, color, is_deleted, created_at, stock, status, sku) VALUES (43, 7, '44', 'Đen', false, '2026-04-05 21:39:49.953803', 3, true, 'AD-AASV-BLA-44');
INSERT INTO public.product_variants (variant_id, product_id, size, color, is_deleted, created_at, stock, status, sku) VALUES (47, 10, '40', 'Olive', false, '2026-04-11 18:46:18.398538', 3, true, 'VA-VVOSC-OLI-40');
INSERT INTO public.product_variants (variant_id, product_id, size, color, is_deleted, created_at, stock, status, sku) VALUES (45, 11, '37', 'Black/off white', false, '2026-04-05 21:52:42.445883', 3, true, 'VA-VVCSC-BLA-37');
INSERT INTO public.product_variants (variant_id, product_id, size, color, is_deleted, created_at, stock, status, sku) VALUES (49, 2, '42', 'Đen', false, '2026-04-19 00:10:50.273962', 2, true, 'NI-NNBPL-BLA-42');
INSERT INTO public.product_variants (variant_id, product_id, size, color, is_deleted, created_at, stock, status, sku) VALUES (51, 4, '41', 'Đen', false, '2026-04-20 01:33:53.304756', 0, true, 'CO-CCTAS-BLA-41');
INSERT INTO public.product_variants (variant_id, product_id, size, color, is_deleted, created_at, stock, status, sku) VALUES (53, 4, '43', 'Đen', false, '2026-04-20 01:36:17.524869', 0, true, 'CO-CCTAS-BLA-43');
INSERT INTO public.product_variants (variant_id, product_id, size, color, is_deleted, created_at, stock, status, sku) VALUES (55, 5, '43', 'Đen', false, '2026-04-20 02:04:25.612945', 1, true, 'CO-CCTASMP-BLA-43');
INSERT INTO public.product_variants (variant_id, product_id, size, color, is_deleted, created_at, stock, status, sku) VALUES (57, 10, '49', 'Mocha', false, '2026-04-20 06:02:39.662502', 0, true, 'VA-VVOSC-MOC-49');
INSERT INTO public.product_variants (variant_id, product_id, size, color, is_deleted, created_at, stock, status, sku) VALUES (59, 10, '47', 'Đỏ', false, '2026-04-20 06:04:31.586923', 0, true, 'VA-VVOSC-RED-47');
INSERT INTO public.product_variants (variant_id, product_id, size, color, is_deleted, created_at, stock, status, sku) VALUES (10, 9, '43', 'Black phantom', false, '2026-04-02 20:05:43.804308', 15, true, 'JO-JTSXAJ1L-BLA-43');
INSERT INTO public.product_variants (variant_id, product_id, size, color, is_deleted, created_at, stock, status, sku) VALUES (6, 4, '39', 'Đen', false, '2026-04-02 20:00:11.879944', 10, true, 'CO-CCTAS-BLA-39');
INSERT INTO public.product_variants (variant_id, product_id, size, color, is_deleted, created_at, stock, status, sku) VALUES (3, 3, '41', 'Summit white', false, '2026-04-02 19:55:45.954126', 10, true, 'NI-NNSW-SUM-41');
INSERT INTO public.product_variants (variant_id, product_id, size, color, is_deleted, created_at, stock, status, sku) VALUES (4, 4, '42', 'Đen', false, '2026-04-02 19:59:03.527613', 10, true, 'CO-CCTAS-BLA-42');
INSERT INTO public.product_variants (variant_id, product_id, size, color, is_deleted, created_at, stock, status, sku) VALUES (7, 6, '43', 'Trắng', false, '2026-04-02 20:02:02.833441', 10, true, 'AD-ASO-WHI-43');
INSERT INTO public.product_variants (variant_id, product_id, size, color, is_deleted, created_at, stock, status, sku) VALUES (61, 10, '48', 'Đỏ', true, '2026-04-20 06:10:39.801503', 1, false, 'VA-VVOSC-RED-48');
INSERT INTO public.product_variants (variant_id, product_id, size, color, is_deleted, created_at, stock, status, sku) VALUES (5, 5, '41', 'Đen', false, '2026-04-02 19:59:34.062445', 10, true, 'CO-CCTASMP-BLA-41');
INSERT INTO public.product_variants (variant_id, product_id, size, color, is_deleted, created_at, stock, status, sku) VALUES (18, 3, '39', 'Red', false, '2026-04-02 20:19:56.550541', 8, true, 'NI-NSW-RED-39');
INSERT INTO public.product_variants (variant_id, product_id, size, color, is_deleted, created_at, stock, status, sku) VALUES (20, 4, '41', 'Red', false, '2026-04-02 20:19:56.550541', 8, true, 'CO-CTAS-RED-41');
INSERT INTO public.product_variants (variant_id, product_id, size, color, is_deleted, created_at, stock, status, sku) VALUES (26, 7, '42', 'Blue', false, '2026-04-02 20:19:56.550541', 8, true, 'AD-ASV-BLU-42');
INSERT INTO public.product_variants (variant_id, product_id, size, color, is_deleted, created_at, stock, status, sku) VALUES (24, 6, '41', 'Green', false, '2026-04-02 20:19:56.550541', 8, true, 'AD-SOG-GRN-41');
INSERT INTO public.product_variants (variant_id, product_id, size, color, is_deleted, created_at, stock, status, sku) VALUES (16, 2, '42', 'Grey', false, '2026-04-02 20:19:56.550541', 8, true, 'NI-NBPL-GRE-42');
INSERT INTO public.product_variants (variant_id, product_id, size, color, is_deleted, created_at, stock, status, sku) VALUES (28, 8, '41', 'Shadow Grey', false, '2026-04-02 20:19:56.550541', 8, true, 'JO-AJ1RHO-SHA-41');
INSERT INTO public.product_variants (variant_id, product_id, size, color, is_deleted, created_at, stock, status, sku) VALUES (25, 7, '41', 'Black', false, '2026-04-02 20:19:56.550541', 8, true, 'AD-ASV-BLA-41');
INSERT INTO public.product_variants (variant_id, product_id, size, color, is_deleted, created_at, stock, status, sku) VALUES (19, 4, '40', 'White', false, '2026-04-02 20:19:56.550541', 8, true, 'CO-CTAS-WHI-40');
INSERT INTO public.product_variants (variant_id, product_id, size, color, is_deleted, created_at, stock, status, sku) VALUES (21, 5, '38', 'White', false, '2026-04-02 20:19:56.550541', 8, true, 'CO-CTASMP-WHI-38');
INSERT INTO public.product_variants (variant_id, product_id, size, color, is_deleted, created_at, stock, status, sku) VALUES (40, 2, '35', 'Trắng', false, '2026-04-05 20:52:53.043923', 5, true, 'NI-NNBPL-WHI-35');
INSERT INTO public.product_variants (variant_id, product_id, size, color, is_deleted, created_at, stock, status, sku) VALUES (38, 1, '36', 'Trắng', false, '2026-04-05 09:47:06.32614', 5, true, 'NI-NNAF1-WHI-36');
INSERT INTO public.product_variants (variant_id, product_id, size, color, is_deleted, created_at, stock, status, sku) VALUES (31, 10, '40', 'Navy', false, '2026-04-02 20:19:56.550541', 5, true, 'VA-VOSC-NAV-40');
INSERT INTO public.product_variants (variant_id, product_id, size, color, is_deleted, created_at, stock, status, sku) VALUES (34, 11, '40', 'Blue', false, '2026-04-02 20:19:56.550541', 5, true, 'VA-VCSCP-BLU-40');
INSERT INTO public.product_variants (variant_id, product_id, size, color, is_deleted, created_at, stock, status, sku) VALUES (42, 2, '44', 'Tím', false, '2026-04-05 21:36:39.273198', 3, true, 'NI-NNBPL-TIM-44');
INSERT INTO public.product_variants (variant_id, product_id, size, color, is_deleted, created_at, stock, status, sku) VALUES (44, 10, '41', 'Đen', false, '2026-04-05 21:52:30.366649', 3, true, 'VA-VVOSC-BLA-41');
INSERT INTO public.product_variants (variant_id, product_id, size, color, is_deleted, created_at, stock, status, sku) VALUES (46, 8, '45', 'Đỏ', false, '2026-04-05 21:56:47.371117', 3, true, 'JO-JAJ1RHO-RED-45');


--
-- TOC entry 5271 (class 0 OID 17392)
-- Dependencies: 236
-- Data for Name: products; Type: TABLE DATA; Schema: public; Owner: -
--

INSERT INTO public.products (product_id, product_name, category_id, is_deleted, created_by, created_at, product_image, status, image_embedding) VALUES (4, 'Chuck Taylor All Star', 5, false, 2, '2026-04-02 19:59:03.527613', '1775134637_69ce67ad2e23e.jpg', true, '[0.024289407,-0.12751585,0.4717345,0.32542166,-0.13375247,0.28218037,-0.005904667,0.1974977,-0.062162824,0.2519904,-0.35348237,-0.14927465,0.45920077,-0.13873571,-0.33724767,-0.04717205,0.92216796,-0.2182005,0.12748286,-0.27474445,-0.14933018,0.2317823,0.13375932,-0.23418432,0.26838225,0.35647577,-0.013588881,0.11831882,0.13924031,-0.3005554,-0.22409868,-0.15870884,-0.24306357,0.21667126,-0.24715851,0.043446645,0.27045104,0.40914583,-0.45131168,1.0837276,-0.2770419,-0.5185843,0.43142793,-0.27575502,0.22084522,-0.6380379,0.47262532,-0.22758491,0.29960185,-0.023381602,-0.08602276,0.3540797,0.06999352,-0.124893405,-0.05254658,-0.17831479,0.30693066,0.15212704,-0.32102022,0.09316927,0.42443705,0.034717675,0.23592268,0.31601387,-0.13366105,0.16370025,0.12146121,-0.05664122,0.4082595,0.032000802,0.16390736,-0.3488205,0.04712331,-0.08652453,0.19384433,-0.048616275,0.54045856,-0.9063333,-0.26537532,-0.33827215,-0.29264665,-0.40329742,0.04643882,-0.3305932,0.37882432,0.6268535,0.31321624,-0.29854664,0.012184031,-0.6126376,0.12711184,0.342359,-5.9610467,0.10996417,-0.15400118,-0.29926363,0.22580966,-0.15485325,-0.54469246,0.8434989,0.19326684,-0.54341084,0.024459722,-0.22017075,-0.091732554,0.18888992,-0.0059992224,-0.022388633,-0.12855095,0.23343803,-0.08983721,0.17431656,-0.23176755,-0.2313723,-0.3223609,-0.019803025,0.08386917,-0.4664742,0.051670946,-0.67604965,-0.021244254,0.37607554,-0.53137046,0.28273815,0.22893713,-0.17481767,-0.3264397,0.049139313,0.03706117,-0.38548988,0.059074044,0.16032302,-0.18022452,0.81782347,0.50117266,-0.11247757,0.067467496,0.5042681,-0.26383552,-0.16701682,-0.12042163,0.021074668,-0.23051627,0.14976966,-0.16033262,0.19166265,-0.31886196,-0.52927154,0.1748271,0.28674453,0.37782985,0.23157014,1.5101581,-0.17095508,0.086258575,-0.22981507,-0.0058591794,0.0417749,0.0965907,0.055744715,-0.5312144,-0.22205757,0.33443567,0.49966964,0.21729138,0.14273238,0.57251936,-0.1885065,-0.01853882,-0.058047958,-0.35224047,-0.13548614,0.12854631,0.115771316,-0.19335265,-0.11689703,0.96597946,-0.08697319,0.1342679,-0.59265685,0.8116338,-0.04023982,0.15304065,0.46904546,-0.3527186,0.39477453,0.06178871,0.49499658,-0.25902662,0.42146263,0.16723353,-0.13373986,-0.109377205,0.061551824,0.5490212,0.035066005,-0.1032059,-0.11747028,0.023921326,0.27798447,-0.3216915,-0.54420966,0.7201414,0.15178627,-0.014199333,0.0966938,-0.6741581,-0.15219139,-0.085272454,0.081836075,-0.3519501,0.23395415,0.2810505,-0.070816636,-0.24155384,-0.024740396,0.20235519,0.42830923,-0.26274976,0.097303286,-0.0009310022,-0.8255202,0.3475823,0.04581309,0.551323,0.14939469,0.03898473,0.14643615,0.3950648,0.32479683,-0.12741159,-0.21810524,0.031686258,0.460325,0.626962,-0.010786509,0.1310228,-0.034036882,0.001696717,0.0019675568,0.21517129,0.032138217,0.1904795,-0.040604547,-0.016489321,-0.18425639,-0.02827312,0.11211667,-0.11172972,0.15613033,-0.24407288,0.27219033,0.22683437,-0.4322151,0.120758295,0.42785993,0.3760953,-0.0176274,-0.77949345,-0.38554797,0.12693746,0.27427593,0.08517275,-0.14602882,0.18452635,-0.12286986,0.055548295,0.24162573,0.32159412,0.42287388,-0.48432872,-0.14365733,0.5455492,-0.4523427,0.37642992,0.31149158,-0.47657678,-0.26932946,-0.44429114,-0.036932174,0.060011603,-0.11197038,-0.8703264,-0.030519277,-0.24216418,-0.017667904,2.0231063,0.04365314,-0.31086752,-0.071169324,0.16570684,-0.047463734,-0.33802816,0.3238231,-0.03471909,-0.105587214,-0.15970579,-0.10603286,0.035293426,0.124587424,-0.30466548,0.2183051,0.038671143,0.13716766,0.1925721,-0.18020658,-0.104134984,0.13577403,0.108941264,-0.39985415,-0.40736365,0.12640606,0.81629896,0.100708395,0.15341134,-0.053893376,0.35182518,0.40577838,-0.08252013,0.38137454,-0.11801682,2.1340353,-0.16711573,-0.7290637,0.23730202,0.18438248,-0.2369702,0.23855413,0.113772996,-0.04890273,-0.092199974,0.47656092,0.0388897,0.004956398,0.020257587,0.0014623925,-0.26498565,-0.043733202,-0.26732793,0.15685636,-0.38874835,-0.2413363,0.31251293,0.26607287,0.38755044,-0.13137104,-0.40943176,-0.01493982,-0.14897029,-0.2453977,-0.020415746,-0.24619868,0.19621778,-0.16920301,-0.3031485,0.018650059,-0.28658062,0.5549362,0.3662878,0.03626962,0.9388021,-0.14876294,-0.018643055,-1.1281765,0.34542966,-0.17590527,0.13983604,0.37089416,0.13953274,0.072625026,-0.20375207,0.3217535,0.46146467,-0.1439882,0.14466685,-0.38591927,0.7872024,-0.0584092,0.23938209,0.4471636,-0.030137883,-0.32869,-0.4495843,-0.46940693,-0.017697368,0.06799221,0.20713413,-0.019757258,-0.17777161,0.8613313,-0.19905785,-0.54097193,0.048611593,-0.19055931,-0.4045571,-0.14116444,0.23607431,-0.31219503,0.6281017,0.21094128,-0.003641984,0.41096514,1.0689082,-0.71039295,0.035831675,0.04321657,-0.016678432,0.3794528,0.35749367,0.06819036,0.12234032,0.1295177,0.24267112,-0.19214262,-0.49425542,0.32484478,-0.053967886,0.15231572,-0.27060524,0.028548151,0.40613905,0.55504996,0.51838696,0.57486284,0.08410974,0.18061812,-0.335216,-0.327954,-2.0096169,-0.18235077,-0.11602524,0.049125053,1.0195273,-0.20726387,-0.64181405,-0.14481243,-0.41020745,0.47746965,0.20007929,0.031762287,-0.04969191,0.12663515,0.47922927,0.46678093,-0.050818924,-0.49433184,-0.17464481,-0.18646517,0.12834294,-0.31520107,-0.38305026,1.0093154,0.23179533,-0.10893039,-0.4869882,-0.2344753,-0.22461942,-0.35466608,0.1299268,-0.28297803,-0.051527835,-0.14141561,-0.29760534,0.34417343,-0.0895909,0.06520373,0.2547724,-0.33770633,-0.36485076,-0.073048465,-0.25257218,0.03912263,-0.3622079,-0.9313545,0.54611456,-0.48803157,-0.29594323,0.33264244,-0.07411584,-0.153097,-0.3298144,-0.47500888,0.69023824,-0.15167658,-0.07906169,0.20529541,-0.06991296,-0.36486477,0.10560112,-0.3751564,0.34850517,-0.6068578,0.020434342,-0.4684331,-0.2528781,-0.53333205,-0.2314116,0.10438904,0.0628387,-0.22504783,0.09736785,0.333591,-0.094742835,-0.0902289,0.1915717,0.06451322,-0.81651616,0.12741514,-0.10893353,0.50517315,0.06994774,0.40572295]');
INSERT INTO public.products (product_id, product_name, category_id, is_deleted, created_by, created_at, product_image, status, image_embedding) VALUES (5, 'Chuck Taylor All Star Move Platform', 5, false, 2, '2026-04-02 19:59:34.062445', '1775134652_69ce67bcdeeca.jpg', true, '[0.007630512,-0.2720652,0.8237691,0.1820648,-0.4001396,0.2905839,0.123253524,0.25148138,-0.10822865,0.062295333,-0.28789157,-0.15273583,-0.053586617,0.045911074,-0.51463974,-0.046629317,0.52573574,-0.43329528,0.42105785,0.13017446,-0.15195727,-0.07411664,0.17992242,-0.07977603,0.48881036,0.49267286,-0.24425434,0.33241776,0.14946316,-0.16836832,-0.16734278,-0.5089572,-0.023634046,0.41512713,0.046736903,-0.050353896,0.29632473,0.29960883,-0.1533243,1.29032,-0.2645807,-0.51053977,0.38558787,0.31316888,0.25195947,0.10814653,0.10418533,-0.2824405,0.32740864,0.45570374,-0.15615566,-0.07121517,0.3154019,-0.079235576,-0.27876738,-0.06511634,-0.0029437877,0.37157446,-0.2855625,-0.11215746,0.37467784,0.14824589,0.05601738,-0.07110934,-0.12219768,-0.1358492,-0.0087219905,-0.34288475,0.18487757,0.06789247,0.13824823,-0.31787127,-0.41549712,-0.01904419,0.016781986,-0.24972777,0.23923376,-0.67199934,-0.21033195,-0.17111906,-0.38786852,-0.37013945,-0.19877374,0.009654924,0.14438504,0.77636033,-0.12787443,-0.29987374,0.018134693,-0.49942634,0.11007073,0.24571735,-5.2954416,0.26503745,0.086408764,-0.16291495,-0.11713571,-0.068257846,-0.5820873,0.5085013,0.044351526,-0.45165247,0.35057938,-0.09217156,-0.36832148,0.375078,-0.12666117,-0.05617488,-0.22206953,0.2362647,0.04581827,0.36651164,-0.02256823,-0.17456241,-0.15784623,-0.21934833,-0.19532776,-0.26409453,-0.12645283,-0.5910788,-0.07681846,0.2504028,-0.23982276,-0.09378195,0.18652149,-0.16370484,-0.10048724,-0.064993605,0.12720057,-0.42254463,-0.03759547,0.0064019905,-0.32963946,0.7888115,0.5984081,0.3705105,0.34829038,0.8454553,-0.2876143,0.07983531,0.037380144,-0.22481328,-0.015733246,0.4629358,-0.30774307,0.36447263,-0.19346769,-0.0582185,0.4173003,0.091462925,0.14212775,0.47794443,1.0404772,-0.032244503,0.00056567136,-0.17266002,0.17680183,-0.050795935,0.08527329,0.22412822,-0.36510754,-0.12901793,-0.24575496,0.40992534,0.1481473,0.03463835,0.7503207,-0.5333792,-0.35919014,-0.29548618,-0.41440505,-0.10013071,0.121196486,0.0333428,-0.041388683,-0.23922148,0.5053485,0.014654001,0.25035203,-0.42324653,0.68203616,-0.20213634,0.49449623,0.25232172,-0.035625678,-0.09800549,-0.011384359,0.41795853,-0.39028168,0.45265576,-0.039182592,-0.08884931,-0.0359281,0.48733556,0.70961016,-0.35164142,0.09366094,0.05604556,0.10148389,0.5455487,-0.18990469,-0.5516898,0.9942967,0.0065453853,-0.036789857,-0.031448424,-0.73059374,-0.38298684,0.043710258,-0.018994464,-0.2900735,0.10375492,0.27670845,-0.072779745,-0.072441116,-0.03867206,0.089994304,0.54548603,-0.09622981,0.28057528,-0.19461623,-0.7700792,0.4513228,0.05341106,0.711584,-0.109644696,0.026631601,0.022516705,0.21854006,-0.00026510656,-0.4943889,-0.14646742,-0.03192509,0.21840657,0.5326706,-0.053023927,0.012033676,-0.022113003,0.15798047,0.009627052,0.36343947,0.38571224,0.1684851,-0.04672084,0.1439241,-0.06445221,0.24503878,-0.090037085,-0.0403871,0.41711283,0.010115321,0.29942852,0.3065277,-0.4697474,-0.09404212,0.19312952,0.2533224,0.059587657,-1.2364498,-0.09776123,0.013024541,0.43619642,0.054729477,-0.3260643,-0.029734936,-0.3405676,-0.07570173,0.119058184,0.0638857,0.18502662,-0.69244665,-0.148069,0.6167186,-0.66760117,0.34880662,0.13544962,-0.24985215,-0.26973498,-0.34379417,0.0777909,0.006692104,0.1224045,-0.7663213,-0.20532979,-0.03426214,-0.024388503,1.5372913,-0.15040623,0.028471248,-0.26676118,0.09673086,0.045666263,-0.29273632,0.040087067,-0.19294176,-0.19054072,-0.15402812,-0.2562018,-0.14065664,0.3090742,0.019850653,0.12188847,-0.11099674,0.3936203,0.42856705,-0.036355462,-0.15787445,0.1524876,-0.12439488,-0.40784064,-0.0642417,0.42449954,0.78756094,0.02145879,0.14213575,-0.11426853,0.13958807,0.31272823,-0.0029758103,0.64746034,-0.15830731,1.7414646,-0.39440444,-0.47850817,0.77513695,0.5715898,-0.22370309,0.38602605,0.29987413,-0.089184076,-0.069868356,-0.04150929,0.017723031,-0.10009204,-0.20081219,-0.04245334,-0.20795095,-0.055428166,-0.25345957,0.036773082,-0.5447915,-0.19611283,0.24994034,0.36519903,0.23683023,-0.078859895,-0.39284483,-0.05537196,0.17930539,-0.13729581,-0.1725548,-0.24728754,-0.045957245,-0.31071717,-0.23138727,0.81213576,0.21509416,0.49631855,0.27357918,-0.35092488,0.55447865,-0.47601494,0.15365772,-0.82409835,0.23589809,0.06872999,0.096963815,0.53370255,0.083685376,0.09269839,-0.053808197,0.19570558,0.51872176,-0.2713932,-0.017938275,-0.18012534,0.21509537,0.003633202,0.03965068,0.31079477,-0.02240709,-0.032135252,-0.29859793,-0.753189,0.05662001,-0.15293398,-0.013538779,-0.20634657,-0.2734,0.12802897,-0.50138015,-0.25423145,-0.003987622,-0.05523185,-0.3839124,0.012375571,-0.01718162,-0.31125504,0.63378274,0.045762442,-0.1449592,0.3762996,0.747982,-0.7737785,-0.29420087,0.102924615,0.002089752,0.5553365,-0.0012330227,0.092805125,0.1855398,-0.0011705365,0.4210205,-0.40777272,-0.5307082,0.30380797,0.060161036,0.05658564,-0.25597253,-0.19081338,0.6609577,0.6176582,0.56311685,0.5923072,0.0051842732,-0.02598266,-0.2641944,-0.03738186,-1.8280729,-0.06667286,-0.18455826,0.09365081,1.1155796,-0.10912921,-0.7949955,0.14307925,-0.47460705,0.60510725,0.2963306,0.17406046,0.05132577,0.2866716,0.5358328,0.5657635,0.42209315,-0.35022497,0.17384762,-0.27121556,0.11359938,-0.47566926,-0.25631687,0.8588905,0.32566538,0.09869296,-0.61126053,-0.32246387,-0.77595246,0.10691033,-0.12630875,-0.30304396,-0.19377498,-0.012971319,-0.16173115,0.532353,0.12888214,-0.16836968,0.3839371,-0.33250242,-0.33525237,-0.06790885,-0.48657656,0.121375546,-0.24591567,-0.6750032,0.7951526,-0.49813154,-0.1712292,0.384228,-0.30347103,0.35228652,-0.06280492,-0.4791275,0.5991521,-0.036815863,-0.025577236,0.115788,0.009306293,-0.3636249,-0.089423284,-0.47801593,0.19352084,-0.6630098,0.0136255305,-0.45336175,0.089004725,-0.24889313,-0.13093944,0.047603168,-0.013179397,0.059463978,0.1872162,0.4056422,0.12610133,0.14329594,-0.30436295,0.42886057,-0.62121785,0.44790804,-0.041758258,0.06595267,-0.039729297,0.54075193]');
INSERT INTO public.products (product_id, product_name, category_id, is_deleted, created_by, created_at, product_image, status, image_embedding) VALUES (6, 'Samba OG', 2, false, 2, '2026-04-02 20:02:02.833441', '1775134838_69ce6876c565f.jpg', true, '[-0.054030485,-0.2538141,-0.029325921,-0.13595727,-0.2305667,0.24167968,0.06775704,0.19819391,0.25675797,-0.28251988,-0.077200934,-0.34797314,-0.54002833,0.11375689,-0.4305719,0.1714541,1.4761091,-0.25100347,-0.055421993,0.1662703,-0.05561811,-0.124045424,0.07325434,-0.21358426,-0.15881029,-0.0016577635,-0.06602248,-0.13848361,0.38681304,-0.12194273,-0.42576692,-0.0134800915,-0.47465438,-0.12627654,-0.3356065,0.09909165,0.30360764,0.25438032,-0.039427128,1.6768215,-0.50174713,-0.72785306,0.5819592,0.23994586,0.13571954,-0.611031,0.08694782,-0.21311864,0.29029673,-0.31382993,0.021780428,0.5229753,0.14895804,-0.050986033,-0.3219182,0.003752824,0.42390522,0.3186578,-0.74258256,-0.13414468,1.086098,-0.30483058,0.20319025,-0.30174682,0.0061796214,-0.024829889,0.56498444,0.09568525,0.0013312548,-0.00744203,-0.50259405,-0.17085613,-0.18965101,-0.18839969,0.06491327,-0.39562216,-0.020929458,-0.30370915,-0.038912125,-0.47694126,-0.14474544,-0.449528,0.16496755,-0.08516411,0.17156084,0.63908327,-0.04073047,-0.3260619,0.16879934,-0.31703624,0.0059140967,0.074929036,-5.003546,0.5927098,0.08136852,0.04819201,-0.051747475,-0.14617062,-1.0922982,0.17357446,-0.18113856,-0.3660497,0.14478748,0.12086575,-0.3849535,0.1710648,-1.0286212,-0.2285256,-0.5868941,0.060744595,-0.08880036,0.63036245,0.26415694,-0.10285796,-0.43608198,0.011627995,-0.19623974,-0.52371943,0.4331974,-0.056032248,0.2828893,0.066965975,-0.09065986,0.22787042,0.2812684,-0.051713005,-0.23507765,-0.15682942,0.20212425,0.084899634,-0.12354247,0.077854216,-0.10139452,0.75960124,0.07194014,-0.27280945,-0.18002582,0.23508035,-0.12991238,0.16906813,-0.3372914,-0.23626246,-0.03045963,0.8143722,-0.00021097343,-0.23712401,-0.2432026,-0.010700069,0.34949192,0.16045287,0.49412447,-0.17537132,0.5728091,0.09463329,-0.18021332,-0.24322069,0.09786788,0.3014381,-0.29424104,0.4133093,-0.34593186,0.03907889,-0.0781425,0.37334508,0.23892339,0.2827278,-0.051767975,-0.15205431,-0.09244093,-0.17276241,-0.52960145,-0.40569708,-0.033419378,0.024564557,-0.25775954,0.019084806,0.94612086,0.08275741,-0.07806933,0.07214464,0.72338915,-0.515399,0.23805849,0.31063396,0.04292377,0.5596531,-0.29580027,0.4954333,-0.27855316,0.033836417,-0.15287337,0.16142179,0.14463226,-0.110817716,0.954445,0.090774216,0.24946369,0.14799407,-0.43666428,-0.196778,-0.11368829,-0.1553067,0.48137376,-0.028331235,-0.32002127,0.026314432,-0.63352597,-0.24253498,-0.11067073,0.26625532,-0.25364652,0.6714874,0.18525665,-0.42635795,-0.21294746,0.1742051,0.2105198,-0.41374442,-0.2355202,0.08203121,-0.31610984,-1.0916674,-0.046265908,0.29057744,0.46610686,0.109053314,0.4235549,-0.26484922,0.19837633,0.41810456,-0.008667123,-0.29143274,0.13560335,0.44335133,0.33321375,0.005917754,-0.23104723,-0.14105043,0.058960654,0.12559757,0.2434402,-0.187395,0.1375837,-0.27871457,0.25006694,-0.3450592,0.2634747,0.05932878,0.055703163,-0.23002946,-0.19732687,0.34970677,0.2803522,-0.0055211093,0.17000815,-0.114756554,-0.4820166,-0.11264835,-1.5037934,-0.5131401,-0.05849253,0.26054215,-0.2984643,0.79890394,0.03875225,0.21458514,-0.33447334,0.14683354,0.1849483,-0.2156917,-0.40233746,0.27551666,0.025243929,0.016801544,0.42961204,0.17035626,0.053129293,-0.275865,-0.35888866,-0.08790205,0.19035144,0.44878784,-0.6403622,0.06870277,0.007948957,-0.4951402,2.281528,-0.24019189,-0.17344837,0.0690248,-0.20092449,0.16119274,-0.40620446,0.3188008,-0.18328314,0.009944137,0.3539539,-0.33681726,0.4217868,0.32439637,-0.107742645,0.46124363,0.05228832,0.23953134,0.4207845,0.02470519,0.11017759,0.28579557,-0.047150332,-0.5531548,-0.3212899,0.14199866,0.75667757,0.15441999,0.13934042,-0.22278625,0.05163917,0.2919586,-0.57209235,-0.048466776,0.040487144,1.0652064,-0.007507328,-0.20943931,0.80145943,-0.30599877,0.15308826,-0.05585612,0.32024568,-0.3188079,-0.064594395,0.2941572,0.0059130955,-0.23861304,0.17761147,-0.29220665,-0.10497944,-0.04436088,0.52971214,0.5299141,-0.4018995,0.084170274,-0.1561219,0.5141363,0.6522015,-0.3744304,0.0035821162,-0.1916472,0.29982156,-0.1300889,-0.25003844,0.28288034,-0.027329864,-0.49097678,-0.44512564,0.3306591,0.04056525,0.32340366,-0.24395473,-0.113422215,0.39552465,-0.19699228,-0.25016823,-0.7973154,0.18989772,0.15190892,0.09870146,0.7954563,0.13096109,-0.018167304,-0.089674115,0.2034829,0.54264355,-0.09872267,0.04495553,-0.16925846,0.6642539,0.29779404,-0.13308446,0.17714,0.11033834,0.2696018,-0.14601249,-0.3401171,0.20491365,-0.13806362,0.6399451,0.2526354,-0.24631794,0.90727377,-1.366475,-0.17645231,-0.2523744,-0.13952951,-0.10394463,0.024533512,0.23713666,-0.3631892,0.49241963,0.36578962,0.05532986,-0.15797661,1.3161741,-0.34502393,0.17774633,-0.04273804,0.13880004,0.73242694,-0.66777855,-0.29246515,0.14513966,-0.50728583,0.6157938,0.008609436,-0.68901247,0.49740246,0.2727331,0.24954492,-0.17356735,-0.18951322,0.45840275,0.87388116,0.78836435,0.34354454,-0.04607429,0.082044,-0.029861962,0.28324586,-0.8799864,-0.14786191,0.15673871,-0.45617822,0.9810673,-0.26489177,-0.3328374,-0.14916006,-0.36739904,0.33488125,0.46075386,0.30443895,-0.1847201,-0.29762548,0.23884718,0.099234074,-0.19231287,-0.53094774,-0.45320663,-0.32060808,0.13111624,-0.33965376,0.030931577,0.6839883,0.6910752,0.024518209,-0.43202612,-0.019543257,-0.38723058,0.111563876,-0.058975782,0.35299996,-0.26605806,0.5093559,-0.04025717,0.27881116,0.8137909,0.19099852,0.24762137,-0.033801675,-0.3998751,-0.15874606,-0.2250489,-0.15308936,0.25262192,-0.8362213,0.025501126,0.02107371,-0.51556224,0.3529765,0.009647246,0.078441784,-0.08367266,-0.67633814,0.059458733,-0.07531266,-0.024761891,0.3452023,0.12956333,0.06018868,0.1836408,-0.2379705,0.44004446,-0.2964749,-0.075170994,-0.27693135,-0.38607496,-0.46541715,-0.27402562,0.09083942,0.08442659,-0.14654532,0.347288,0.3191878,-0.12007591,0.14912283,-0.28049982,-0.34240827,-0.3763358,0.7316209,0.13795486,-0.15787731,0.33948752,0.46578655]');
INSERT INTO public.products (product_id, product_name, category_id, is_deleted, created_by, created_at, product_image, status, image_embedding) VALUES (7, 'Adidas Superstar Vintage', 2, false, 2, '2026-04-02 20:03:12.840903', '1775134854_69ce6886c19c9.jpg', true, '[-0.27300525,-0.34314233,0.098704636,-0.21279515,-0.47992897,0.2749857,0.014315516,-0.27323452,0.22309336,-0.09067864,0.16259871,-0.09227045,-0.11158086,-0.015859056,-0.5183882,0.32916784,1.2305516,-0.27332655,0.21461135,0.12596759,-0.37186047,-0.09000219,0.12596354,-0.38184553,0.03147479,-0.19804235,-0.24864735,0.1689238,0.29489067,0.0053060055,-0.36035147,-0.033034205,-0.10105283,0.07175881,-0.47017157,0.016251031,0.20164561,0.3409214,-0.1841986,1.7882298,-0.5782688,-0.6614777,0.36273316,0.07747243,-0.11920554,-0.80648047,-0.055946585,0.07554751,0.23863928,-0.11786729,-0.121166766,0.15976311,0.03304899,-0.03534634,-0.0033383928,-0.3653318,0.59786075,0.051277738,-0.7691634,-0.38280493,1.0229231,0.019687591,0.37681574,-0.3657359,-0.17082402,-0.23763019,0.40631932,0.011999361,-0.057249937,-0.122694016,-0.4027746,-0.29230487,0.014419736,-0.07951517,0.46982813,-0.36707953,-0.050861757,-0.52812546,-0.06782305,-0.4916137,-0.20959726,-0.37466198,-0.028028306,-0.33944175,-0.04144699,0.94144285,0.5484484,-0.19757783,-0.4012922,-0.46994066,0.39386466,-0.04953763,-5.3224435,0.44792438,0.1459615,-0.24910232,-0.10233712,-0.14582607,-0.89541554,0.32281947,-0.25903618,-0.55692023,0.16408163,-0.0390968,-0.0053473124,0.18665747,-0.30150533,-0.103804216,-0.6459298,0.011963457,0.13322262,0.20838994,0.18758784,-0.010022769,-0.23269409,0.2363995,-0.015457554,-0.31975397,0.092196375,-0.10777529,0.05316523,0.21274695,-0.14321053,-0.06730688,0.16497998,0.07277184,-0.4148729,-0.21319786,-0.0795882,0.19163346,-0.022712633,-0.07104464,-0.5102415,0.75374025,0.09779998,-0.16634445,0.041584328,0.5511827,-0.017996708,0.06083872,-0.26548144,-0.34334192,-0.23612985,0.75384974,-0.37932196,0.0597438,-0.33290684,0.036041036,0.16335043,0.13908772,0.61862963,-0.21323188,1.1058697,-0.209161,-0.0052903164,-0.011799027,0.2025281,0.71174324,-0.022388307,0.31787658,-0.54699916,0.22368611,0.02965378,0.21340418,0.08609117,0.2687376,0.18286002,-0.23489653,0.08561989,0.078202985,-0.5556317,-0.4379251,0.07945579,-0.0093776705,-0.3051999,-0.19878632,1.2104511,0.25976545,0.14606091,0.16229442,0.6860123,-0.3120908,0.1487184,0.503692,-0.02011977,0.37452942,-0.32956982,0.36699194,-0.23979829,-0.12342374,-0.37793183,0.07193133,0.020552704,-0.09158316,0.8935527,0.285992,0.15394872,-0.06377829,-0.2744303,-0.31695077,0.018262584,-0.5058785,0.57261336,0.09039475,-0.08084768,-0.079564326,-0.52386385,-0.18574211,0.118165284,0.07495113,0.09433491,0.63319117,0.1850098,-0.22781019,-0.16547619,0.3627813,0.0719223,-0.17285758,0.31386027,0.12775221,-0.1221401,-0.8632289,0.20113271,0.061574005,0.650342,0.14537755,0.18066004,-0.22212303,0.19272053,0.52103615,0.20045227,-0.25580958,0.015508888,0.41504487,0.3382721,0.05974217,-0.17626436,-0.26622033,0.090236574,0.08024538,0.29712898,-0.27086535,0.40510845,-0.014115334,0.58110636,-0.17534097,0.23039056,-0.032559626,-0.19194064,-0.07874112,-0.13955991,0.43081647,0.44211072,0.17797753,0.11997571,0.22802189,0.12727559,0.005992286,-0.85466963,-0.42307135,-0.08199237,-0.041676022,-0.19059205,0.518695,-0.18610755,0.35849342,-0.14474052,0.3547619,0.37143442,-0.36183608,-0.28641546,0.21410158,0.20310868,-0.4165784,0.15244985,0.34105888,-0.018694984,-0.13497497,-0.44013828,0.093577236,0.04976147,0.13021414,-0.53745013,-0.045534592,-0.1292517,-0.5128319,2.59277,-0.39385083,-0.04180786,0.1796963,-0.008035272,0.069592625,-0.75175035,0.102352545,0.0349483,0.017381266,0.16978636,-0.06059691,0.1359532,0.5171163,-0.42113787,0.30126822,0.1778418,0.28531566,0.16229568,0.0046103364,-0.12521422,-0.156544,0.15066937,-0.30512154,-0.64019084,0.30294368,0.75129604,0.08754037,0.18488283,-0.15677406,0.2511265,0.29584527,-0.7544096,-0.18379724,-0.004715005,2.3669684,0.013753155,-0.35118276,0.7106768,-0.2126325,0.15063259,-0.20289189,0.19793728,-0.19897951,-0.56619394,0.4721586,0.27797848,-0.26250198,0.26100472,-0.42205375,-0.054778434,0.041442003,0.37754813,0.16518898,-0.21357694,0.43685365,-0.026089288,0.32077163,0.25615555,-0.13027017,-0.16567415,-0.09989475,0.074534245,0.062093183,0.058680333,-0.02022916,-0.051334057,-0.57294834,-0.43822178,0.48297134,0.0192296,0.23967202,-0.1331992,-0.114767745,0.52698016,-0.21536085,-0.11954247,-0.6753946,-0.06686981,-0.1413181,0.027390307,0.7149211,0.271295,0.37253955,-0.093067735,0.29721418,0.4980031,-0.08433302,0.12081068,0.098316245,1.0486389,0.087002955,0.14047918,0.058354378,0.3468532,0.078306906,0.03606895,-0.23990017,0.17713755,-0.20162201,0.35564741,0.34068078,-0.38342267,1.2300245,-0.5452064,-0.35338262,-0.20005372,-0.333075,-0.19893709,0.072484404,0.31045118,-0.41296145,0.3700802,0.55214494,-0.1563914,-0.05653167,0.9342733,-0.2320732,0.15751095,0.277453,0.34950426,0.8759526,-0.28659618,-0.051147576,0.3147121,-0.3719035,0.29198965,-0.0026091859,-0.46062744,0.22644538,0.30018663,0.27678892,-0.2946755,-0.1451728,0.18129405,0.89777803,0.38252506,0.4541423,-0.27572495,0.16163655,0.22388054,0.15656753,-1.357634,-0.31736454,0.08336808,-0.57598716,1.2937176,-0.18401699,-0.34252983,0.161468,-0.19295853,0.27570355,0.49321085,-0.19098948,-0.26144347,0.0058590537,0.07482244,0.22525173,-0.46017954,-0.5617922,-0.20481326,-0.21141881,-0.004287338,-0.24550012,-0.09633008,0.8319317,0.5227533,-0.046528324,-0.5552983,0.07271518,-0.33792964,0.117057204,-0.05546507,0.49363995,-0.1388758,0.53516096,-0.14482246,0.30703065,0.73656243,0.17514229,0.18834426,-0.123126626,-0.40884382,-0.19983846,-0.13363218,-0.19244829,0.22145227,-0.9723441,0.12603197,-0.13946137,-0.3712961,0.3718157,0.025815975,-0.06125821,0.12083847,-0.18048939,0.33353338,-0.4177844,-0.26429248,0.42171687,0.13703685,-0.01890673,0.08807683,-0.25384054,0.31544933,-0.32221532,-0.16644892,-0.44288194,-0.31013593,-0.3929395,-0.7213961,0.03985281,-0.12510441,-0.37695324,0.13532469,0.43233755,-0.12808467,-0.3253632,-0.29405108,-0.42346993,-0.2777208,0.55571043,0.008410834,0.41368797,0.18498507,0.5094315]');
INSERT INTO public.products (product_id, product_name, category_id, is_deleted, created_by, created_at, product_image, status, image_embedding) VALUES (8, 'Air Jordan 1 Retro High OG', 3, false, 2, '2026-04-02 20:04:56.170252', '1775135008_69ce692029f77.jpg', true, '[-0.13385653,-0.045281548,0.082491264,-0.17407204,0.30467826,0.33804986,-0.097859226,-0.21074858,0.36805627,-0.14381732,0.12415229,-0.38684547,-0.86488503,-0.40637964,-0.15578535,0.23852524,0.95374006,-0.847236,0.38848594,-0.18172395,-0.5817882,-0.35220104,0.23146668,0.09588775,0.10936105,0.08057898,-0.1383192,0.32105815,-0.13823831,-0.090180546,-0.3344066,-0.29765615,0.30101028,0.30280504,-0.28625423,0.10019103,0.49981382,0.25845522,-0.029171962,1.9286587,0.28677285,-0.38129148,0.10585522,-0.06650041,1.1060251,0.8635507,0.3492706,0.18988505,-0.047758408,0.19762006,0.2757016,0.18734868,0.019770253,-0.3597663,0.18200986,0.035809994,-0.50098014,0.28032753,-0.1559615,0.44521728,0.15029712,0.17025816,0.3215939,-0.03357903,-0.36081177,-0.23992173,0.66904634,0.13308486,-0.5737242,-0.15665285,-0.058546163,-0.17638025,-0.19258496,-0.46748364,0.3977288,-0.15952796,-0.22479784,-0.16318788,0.06004507,0.03970506,0.047249645,0.16621536,-0.65856844,0.0065206327,0.025312066,0.45003912,0.21921268,-0.101240695,1.0087507,0.4393499,-0.14881402,0.65064514,-5.7094183,0.18772896,0.3583395,0.10717549,-0.11286084,-0.06419419,-0.14336908,-0.21959549,-0.059606403,0.050401676,0.09973295,0.5531907,-0.07974837,0.505817,-1.1045411,0.2624532,0.1984387,0.5332964,0.03908926,0.24852386,0.37656578,-0.22818255,-0.5927799,0.089137405,0.07580135,-0.113255724,0.04151583,-0.22422883,-0.093094856,0.697199,0.022780612,-0.0027221683,0.28850645,-0.7344179,-0.070610926,-0.28044122,-0.14721733,0.5828959,0.39255,0.3729546,-0.1984778,0.7551987,0.09705623,-0.16115482,0.121954724,0.48630694,0.21524802,-0.12133465,-0.27236363,-0.007283222,-0.42956203,0.8519187,0.0857036,0.2617069,0.043116655,-0.41916046,0.29504612,0.50875455,-0.20739613,0.02911374,1.0232991,0.007777728,0.3952993,-0.34173217,0.116723806,0.216272,0.3731426,-0.2017115,-0.19375801,-0.3723967,-0.285516,0.1928697,0.49125785,-0.17166339,0.9507182,-0.4197152,0.17039108,-0.54045045,-0.49593183,-0.19330594,-0.0074485242,0.022497207,-0.045360245,-0.8559395,-0.64696676,-0.053865857,-0.18686604,-0.20494996,0.43329632,-0.03109485,-0.20273608,-0.052549124,-0.024536142,0.44298887,0.46316573,0.3750548,-0.33262125,0.2551928,-0.7406077,0.15092659,0.41384834,0.6525118,0.41048574,-0.29087794,-0.23501033,-0.00083237886,-0.20380984,0.448694,-0.16953117,0.16733558,0.32858038,-0.4797535,-0.3834436,-0.35464624,-0.9284831,-0.15882933,-0.28330386,0.2815488,-0.21802142,-0.5302771,0.009605341,0.29602385,-0.3028381,0.10403166,0.30720955,0.10958341,0.24263859,0.3618393,-0.29454243,-0.85474014,0.6886804,0.41170374,0.5636726,-0.41451082,0.32026944,0.10880083,-0.15914656,0.07714445,-0.22874905,-0.11093674,-0.43634057,0.13138491,-0.05327841,-0.13122408,-0.02691222,-0.20095149,0.28040951,0.04124581,-0.11977963,-0.11594118,0.045838982,0.019974977,0.13580352,0.02060717,-0.22286277,-0.023574859,-0.3421656,-0.07159123,0.15875326,0.22594297,0.19911632,-0.28640437,-0.057850998,0.1433448,0.34569553,0.26660264,-1.067663,-0.012091873,-0.5089416,0.82158536,0.0009047594,-1.0221092,-0.20044693,0.14280824,-0.14712164,0.32135138,0.21511804,-0.5947648,-0.45884115,0.2801242,0.27895668,-0.07204737,-0.13897456,0.12306381,-0.036336005,-0.35342798,-0.10527163,-0.23214696,0.018198246,0.25661963,-0.22462454,-0.076323345,0.020162202,0.17535508,1.679817,0.1242888,-0.42004776,-0.24500002,0.454376,0.30497676,-0.38052723,0.68331873,-0.07061832,-0.16295104,-0.37227875,0.14930685,0.28531104,0.45557946,-0.35371768,0.18049377,-0.23636654,0.1184243,0.43101856,-0.3310021,-0.1376001,0.051661868,0.30502516,0.07804172,-0.20844859,0.3316456,0.7532463,0.31577036,0.1404283,0.22378975,0.20226492,-0.15771928,0.20097291,0.23101936,0.27540693,1.1427023,0.2726446,-0.25866148,0.1940605,0.19925755,-0.29476887,-0.036261745,0.49091473,-0.4268962,0.07396857,-0.20262283,-0.068547994,0.19435069,0.0036494508,-0.04808433,-0.50943995,-0.06383102,0.13980713,0.087433636,-0.4508603,0.05762802,0.3262905,0.47795758,0.66562104,-0.060393244,0.48940313,-0.1326133,0.06480895,0.14348006,-0.3966657,-0.19219533,-0.6108764,0.024276633,-0.30202252,0.14578623,-0.19249159,0.67005193,0.4485362,-0.096637085,0.5980921,-0.08819029,-0.19371127,-0.17426151,-0.07143615,-0.06823743,-0.11059807,1.1530414,0.04157316,0.69412214,0.31096697,0.07510564,0.5654447,-0.17515703,-0.30662662,0.19752532,0.33180678,0.3013979,0.5467788,0.02753393,0.13846132,0.2105635,0.004181491,-0.26251346,-0.03491436,-0.4472242,0.2864685,0.21040632,-0.075541794,0.5378772,0.009112619,0.29478726,0.08326883,-0.17178817,-0.23430777,0.3785979,0.55649084,-0.16895877,0.18453866,-0.29572508,0.48370168,0.17954631,0.33466804,-0.7880199,-0.16341636,0.18964642,0.25793198,0.6547184,0.5194851,-0.4065764,0.13654983,0.44119236,0.60065794,0.030471735,-0.2872589,0.09111109,-0.04630172,-0.09833943,-0.32425374,0.1590728,0.6140466,0.36797127,0.29198876,1.2785783,0.17233339,-0.17771408,0.59331423,0.005862659,-2.0873811,-0.17827019,-0.12864411,-0.16193286,0.15452525,-0.27606,-0.6767163,-0.0621484,-0.6127551,0.2501827,0.5283791,-0.15880084,0.15758292,0.32270834,0.43956274,0.010093067,0.37096867,-0.53676987,0.10842974,0.044139694,0.19012552,0.07616462,0.021755092,0.6457791,0.12683438,-0.03307036,-0.10981063,-0.06960211,-0.39658177,-0.070890225,-0.3221887,-0.027387884,-0.28781152,0.5331987,0.20013128,0.14976382,0.0010688547,-0.10066457,-0.11550805,-0.08845705,-0.05547269,-0.64247674,-0.41712767,0.23051012,0.48870602,-0.5092114,0.29693076,-0.37953746,-0.5385875,0.09725298,-0.65067315,0.09253859,0.23522715,-0.18730523,0.48214865,-0.36994353,-0.7621943,-0.14407578,0.18466726,0.021358136,-0.29855153,-0.81198853,0.330523,-0.4203232,0.09278048,-0.14189847,-0.48847324,-0.2831152,-0.13699317,-0.40737975,0.292208,-0.35108244,-0.0048425123,0.47214323,-0.0061179013,0.14040703,-0.27973515,-0.3637133,-0.5996239,0.16089848,0.2777931,0.3011136,0.1424976,-0.09068569]');
INSERT INTO public.products (product_id, product_name, category_id, is_deleted, created_by, created_at, product_image, status, image_embedding) VALUES (9, 'Travis Scott X Air Jordan 1 Low', 3, false, 2, '2026-04-02 20:05:43.804308', '1775135024_69ce69303ca1f.jpg', true, '[-0.09347603,-0.18479557,0.33320782,0.1610509,-0.0043567484,-0.045334857,-0.28305888,0.19223227,0.13272145,0.05444493,0.10575629,0.045020096,-0.634873,-0.6306591,-0.14273898,0.0874227,0.64237845,-0.29179287,0.15955994,0.04225802,-0.27236146,-0.18029337,0.2801594,-0.026069488,0.41330385,0.19747783,-0.034461975,0.23714288,0.22969311,-0.29995096,0.08990726,-0.5951114,-0.1128975,0.2781337,-0.13510293,0.087836415,0.41187927,0.7196028,-0.3621984,1.3822265,-0.047101196,-0.1243071,0.2819265,-0.25012985,0.62563205,-0.8481757,0.10489959,-0.47428608,0.008519918,-0.3222629,0.119141765,0.3610567,0.23493534,0.012941269,-0.28677052,0.06238566,0.1453605,0.539297,-0.09699768,0.11620681,0.072958015,0.33555004,0.28237644,0.15150596,-0.08350052,-0.22513404,0.33870465,-0.22271127,-0.31103086,-0.2513573,-0.26661122,-0.43181697,-0.16431701,0.01298726,-0.15950838,-0.09636242,-0.029059682,-0.57464665,0.14763774,-0.037369747,-0.22604075,-0.13394475,-0.40331733,0.12595078,0.24984443,0.35199046,0.6221757,-0.05288544,0.4536756,-0.016450858,-0.14109811,0.4265209,-5.053361,0.585782,0.08509767,0.14937496,-0.23847656,-0.25513023,-0.5413573,0.6174574,-0.23766595,-0.5307714,0.2787752,-0.19213726,-0.24052916,0.64515024,-0.98585576,-0.14529261,-0.29654005,0.4443783,0.05512803,0.37377033,0.075365946,0.041981958,-0.2467803,-0.41445374,-0.13454893,-0.15539713,0.035002902,-0.28842747,0.097544216,0.05308399,-0.2783027,0.021136189,0.26428095,-0.3744144,-0.5287936,-0.10710201,0.17786497,-0.015996726,0.12385588,0.38801634,-0.27309856,0.72422576,-0.04948496,-0.09414301,0.021190133,0.3217178,-0.05836424,-0.17974333,0.0061546136,-0.21931046,-0.22672386,0.36790597,-0.11511196,0.25846574,0.059768006,0.039032087,0.50230724,0.36320758,-0.23102885,0.4126688,1.2177806,0.20058487,-0.05744794,0.109016836,0.29771748,0.22244874,0.2524627,-0.13895085,-0.44590876,-0.3643327,0.32498667,0.27012506,0.24369141,-0.13793628,0.061291907,-0.15509917,-0.01376473,-0.329539,-0.27683738,-0.5903788,0.1681176,0.07355215,-0.096589655,-0.71929985,0.33689666,0.06520963,-0.3025522,-0.38941342,0.88909084,-0.041248836,0.45799315,-0.10591552,0.015111279,0.22247203,0.08534843,0.42318824,0.053062495,-0.13803819,0.03325273,-0.090074554,0.20231776,0.60623497,0.8406706,0.23100826,-0.16774057,0.18456769,-0.24822211,0.48124754,-0.41339096,0.07518507,0.57235223,0.1027137,-0.5692932,-0.4508637,-0.59730244,-0.23162721,-0.15813744,0.3951825,-0.27829,0.067189515,0.22120523,-0.10099568,-0.71195906,0.25304803,-0.14925443,0.16703558,-0.023059689,-0.121508785,-0.3291292,-0.8362024,0.6974051,0.035484493,0.15845597,-0.24904662,0.15096216,-0.3549238,0.02907731,0.33628997,-0.57771266,-0.31991053,-0.32535386,0.5738366,0.17402288,0.2624217,-0.1140952,-0.011792232,0.05302146,-0.11948793,-0.05525419,-0.044338122,0.41890368,-0.016415525,0.09183957,-0.43246973,-0.097549416,0.06896706,-0.4021451,-0.18481515,0.059403963,-0.16174649,0.24003455,-0.41576025,0.089278534,0.3513057,0.40471372,-0.034360357,-1.0473014,-0.038979605,0.14182106,0.51868486,-0.20542708,-0.090893246,-0.18633965,0.39608163,0.10425687,0.10898021,-0.111672506,-0.3083793,-0.15059617,0.18657,0.50365984,-0.68379235,0.16477601,0.37602627,-0.40598327,-0.37661538,-0.20421611,-0.3918758,0.33564836,0.19605969,-0.6138989,-0.38336706,-0.035394184,-0.014751874,2.2126029,-0.16022418,0.013975648,-0.26098317,0.5006708,0.018561672,-0.2681761,0.5157458,-0.17678879,-0.059689473,0.042041212,-0.2611743,0.36170724,0.07534477,-0.5966182,0.1535416,0.2725231,0.017363071,0.5993654,-0.13610582,-0.2894641,0.24945371,0.27897394,-0.31386113,-0.2464946,0.127834,0.722136,0.20763129,0.024894673,0.095092565,0.13866806,0.07533218,-0.025481177,0.026338257,-0.07623025,1.5254557,-0.24493389,-0.5963005,0.4932461,0.3043117,0.0829073,0.2352024,-0.124308065,-0.20308049,-0.17120022,0.21621689,0.007719133,0.2824134,0.04290136,0.045359723,-0.43957496,-0.19519243,-0.28830013,0.18803042,-0.3650716,-0.3183802,0.09143135,0.30668232,0.71111435,-0.27010256,-0.28619182,-0.082795724,-0.32377723,-0.36955693,0.12763153,0.052555904,-0.4302405,-0.045250833,-0.016346224,0.31435096,-0.32549953,-0.007974808,0.1522212,-0.20426168,0.84853196,-0.375134,-0.27590227,-0.43870077,0.5903689,-0.0851721,-0.38036796,0.2791548,0.39084834,0.42161384,0.38591376,0.22927721,0.39221913,-0.027248563,-0.041841105,-0.1535071,0.34865877,0.023602102,0.13699198,0.08267628,-0.06027454,0.07621513,-0.29789045,-0.29541144,-0.2973832,0.23880999,0.24713118,0.2552826,-0.13495868,0.69294864,-0.65021014,-0.3353244,-0.19008905,-0.25959057,-0.7152915,0.36486405,0.05107725,-0.10101204,0.3417351,0.47912338,0.23146461,-0.0348554,0.8228533,-0.7059528,-0.20123704,0.34401006,-0.008355329,0.5542266,0.4414202,-0.24403012,0.2588667,0.063767515,0.28402627,-0.13759409,-0.38326558,0.4368412,0.3521497,0.32906362,-0.19115318,-0.103565075,0.48515424,0.83117586,0.28055143,0.75927377,-0.06524849,-0.18028,-0.12330268,0.09160146,-1.8749563,-0.2709461,-0.007868707,-0.030410357,1.0360947,-0.22170407,-0.19145434,-0.20438442,-0.29090774,0.3542444,0.39473188,0.22563289,0.09672864,0.3307383,0.24221176,0.04246922,0.3977516,-0.34355456,-0.09874076,0.15771973,-0.018315142,-0.09840031,-0.61473876,0.5449635,0.11170055,-0.1226312,-0.6693467,-0.096129276,-0.681993,0.00040689483,0.12417341,0.06810231,0.20755951,0.45224047,0.024429658,0.27141726,0.10399666,-0.16162142,0.26468676,0.19574611,-0.4060826,-0.16175139,-0.6919047,0.45201537,0.48939058,-0.46236795,0.45512757,-0.31355357,0.049528006,0.28899482,-0.21285705,0.19838658,0.26525342,-0.19255425,0.4260778,-0.09709193,-0.14367503,0.27994058,0.14746884,-0.21960153,-0.52633095,-0.7405252,0.27010775,-0.36326218,0.09350654,-0.16277838,-0.626741,-0.4150684,0.102686405,-0.3235398,0.1300831,-0.19165175,-0.0006727874,0.29299673,-0.2926738,0.08212944,0.030518934,-0.27129015,-0.7745424,-0.022443466,0.2049848,0.4852425,0.4052574,0.21239947]');
INSERT INTO public.products (product_id, product_name, category_id, is_deleted, created_by, created_at, product_image, status, image_embedding) VALUES (10, 'VANS OLD SKOOL CLASSIC', 4, false, 2, '2026-04-02 20:08:06.722188', '1775135156_69ce69b4a2970.jpg', true, '[-0.47049725,-0.057613812,0.22263473,0.26707318,-0.14443268,0.51587415,-0.05597881,-0.20733461,0.20676543,-0.20642248,-0.074004315,-0.09346266,0.015831504,0.010533404,-0.48536035,0.20339683,0.7148074,0.08104973,0.23380923,-0.12922263,-0.15337482,-0.0435588,0.5134761,-0.29708636,0.32131684,0.4035793,-0.017492682,0.25017953,0.114068955,-0.2598502,0.0974738,-0.2916139,0.0041885413,0.021840531,-0.19133265,0.19234979,0.4008706,0.436172,-0.25447682,1.2151278,-0.5959651,-0.52208054,0.12414705,-0.21297212,0.104174085,-0.6198364,0.4493669,-0.1973233,0.44737855,-0.16718061,-0.2352932,0.40527156,0.25907803,-0.036871437,-0.38343138,-0.14130242,0.15302162,0.23916462,-0.2544914,0.18410048,0.8700733,-0.100500785,0.36327973,0.1488591,-0.079451844,0.19469409,0.2572514,0.032445118,0.1515351,-0.04861586,0.16847193,-0.0022341618,-0.20990919,-0.096828006,-0.24168082,-0.17055255,0.37786293,-0.66608787,-0.3188501,-0.2457525,-0.21676151,-0.30829135,-0.30951458,-0.047864057,0.1596693,0.6472042,0.76716524,-0.06671103,-0.14416039,-0.23038182,0.16005266,0.25865936,-4.861438,0.4401528,0.029151578,-0.11257218,-0.05088177,-0.39217958,-0.77679217,0.28907666,0.096500315,-0.746413,0.19719876,-0.179154,-0.35836938,0.053140864,0.018011957,0.037293315,-0.31637686,0.20618334,-0.061769433,0.19882065,0.0794791,0.020796044,-0.2678427,-0.1616946,-0.26251075,-0.3234885,0.20629163,-0.52559525,0.08791812,0.34734875,-0.38729888,0.32289904,0.17656088,-0.29025254,-0.26062515,-0.016680757,0.07130575,-0.05894245,0.01874585,0.12934245,-0.118927136,0.69771844,0.34474587,0.08187875,-0.086158514,0.3918984,-0.08485721,-0.14767216,-0.025706865,-0.13234884,-0.12358304,0.39421028,-0.27834517,0.15759432,-0.30433837,-0.5533447,0.37687117,0.20024423,0.37538323,0.14004625,1.1614655,-0.043260433,-0.12178117,-0.08592681,0.22723529,0.013859039,0.16560398,0.058885295,-0.70201993,-0.16735344,0.34163737,0.57439244,0.1278651,0.202968,0.4705088,-0.11301215,-0.18190834,-0.10863353,-0.29380846,-0.18876119,0.4695529,0.24911359,-0.21191074,-0.17588842,0.9040626,-0.09916206,0.18497941,-0.39175487,0.80334574,-0.15045625,0.16571929,0.29528782,-0.26447618,0.27436745,0.07124774,0.4615259,0.04625497,0.12074736,0.32733926,-0.21923536,0.21282434,0.113113016,0.77657074,0.13228264,-0.13611542,0.07528746,0.14485732,0.29699844,-0.36200556,-0.47375858,0.8108126,0.030629,-0.0765123,-0.087102585,-0.7467624,-0.15985286,0.1307682,0.12412866,-0.054920804,0.649407,0.47920406,-0.25502047,-0.4393779,-0.12798053,0.15647054,0.23471116,0.37495387,0.07226178,-0.22770911,-0.7504712,0.3692015,0.19946112,0.56583285,-0.30904287,0.31750444,0.29438436,0.20253894,0.3393945,-0.27686647,-0.43402454,-0.23466079,0.53534025,0.44655073,-0.35179794,-0.13217665,0.0921717,0.19907336,-0.2930618,0.06553423,0.16624463,0.2259693,0.068548925,0.312176,-0.26323187,0.16653538,0.12375638,-0.3874589,0.12988475,6.272923e-05,0.32283285,0.38563856,-0.32567126,0.021529265,0.46614772,0.4011204,0.04390373,-0.7379766,-0.34970963,-0.15578234,0.42895705,-0.067056686,-0.4439215,0.1144596,-0.050575066,-0.21033287,0.20781232,0.45202127,-0.026284356,-0.60431874,-0.18896145,0.29585502,-0.56128037,0.29480213,-0.20026426,-0.3294337,-0.2727532,-0.46822736,0.08654709,0.0055949744,0.16837555,-0.5817344,-0.36207426,-0.2476072,-0.0821883,2.6331937,0.0097288685,-0.32421532,-0.016463924,0.0743321,-0.11314963,-0.19133347,0.56201124,-0.07972629,-0.0071880836,0.074205026,-0.12206006,0.35806,0.081738986,-0.3512915,0.13454926,0.0913693,-0.016057404,0.09955421,0.13423988,0.15611753,0.1274133,-0.110147744,-0.62131065,-0.28005677,0.24012235,0.69538754,0.3830483,0.3110316,-0.18285492,0.35031447,0.45380154,-0.12377466,0.22347626,-0.1448665,2.2034872,-0.36696535,-0.7883989,0.9128388,0.05596809,0.010825012,0.25280148,0.217303,-0.32349604,-0.24202421,0.15703283,0.024079569,-0.20504108,0.015856907,0.2228889,-0.04132427,-0.17639747,-0.39774397,0.3891486,-0.61144114,-0.46390063,0.081952766,0.12713648,0.48809034,-0.04307373,-0.64367956,-0.12873387,-0.3065117,-0.09731849,-0.063186266,-0.24520876,-0.11302537,-0.23666939,-0.485879,0.46421692,0.029365242,0.5469167,0.3363031,-0.1062991,0.5337687,-0.22488427,-0.14813311,-0.54166794,0.22582763,-0.063301176,-0.0019003116,0.43732417,0.4804804,0.08861544,-0.06396562,0.12325316,0.6971581,-0.20236516,-0.109190345,-0.1530669,0.58182555,0.2864713,0.13599572,0.25813785,0.06542669,-0.015772406,-0.31744775,-0.4287684,0.09230849,-0.03659,0.50920767,0.00793618,-0.4168504,0.6128451,-0.6694082,-0.45170936,-0.030898308,-0.13137251,-0.51841193,0.20175926,0.01609264,-0.08513005,0.7476484,0.13059503,0.2538897,-0.07789424,0.57523733,-0.6285439,-0.03218738,0.01253194,-0.09206933,0.6367888,0.19633357,-0.04077813,0.2492655,-0.041193586,0.67994493,-0.07353574,-0.58573127,0.42342734,0.12038915,0.13286968,0.10847916,-0.23489618,0.60073656,0.6193523,0.23128861,0.34597445,0.0721177,0.15407205,-0.21504126,-0.25686646,-1.5394763,-0.29219612,-0.09640262,-0.12227429,1.1878873,-0.19818784,-0.29326499,-0.12950462,0.08148648,0.5177172,0.40738449,0.43868086,0.0035730153,0.30987203,0.5171017,0.18949154,0.17408188,-0.46576905,-0.19237909,-0.20146579,0.017789485,-0.2833345,-0.41021582,0.4965153,0.13911965,0.092342235,-0.7592523,0.30019566,-0.3930449,0.06282422,-0.11443613,-0.23924445,-0.040377483,0.2006722,0.018439014,0.032454442,0.025964791,0.12226592,0.26932135,-0.26319394,-0.6842368,0.13895461,-0.5138419,0.04620164,-0.056166306,-0.892064,0.36176315,-0.15116729,-0.08593673,0.41903278,0.14792557,-0.1042628,-0.03273747,-0.2589473,0.33961362,-0.12327355,-0.22607315,0.35017443,-0.027579596,-0.36734715,-0.042962454,-0.34814572,0.38384765,-0.44680977,0.039622314,-0.40778115,-0.16665594,-0.35665402,-0.06899455,0.15204047,-0.16257742,-0.09937155,-0.03731959,0.31513384,0.0013458878,0.2270279,-0.27430376,-0.2741329,-0.8233114,0.43154258,0.012047164,0.38654798,0.21305424,0.6472398]');
INSERT INTO public.products (product_id, product_name, category_id, is_deleted, created_by, created_at, product_image, status, image_embedding) VALUES (11, 'VANS CHECKERBOARD SLIP-ON CLASSIC', 4, false, 2, '2026-04-02 20:09:00.280264', '1775135172_69ce69c473c71.jpg', true, '[-0.25263524,-0.43236116,0.2182292,0.26722458,-0.020986306,0.52460486,0.07320122,-0.049305834,0.045011707,0.04941158,-0.2515365,0.010591684,-0.37542328,-0.373316,-0.19403158,-0.0046106745,0.29475492,-0.51889426,0.21403684,0.12320891,-0.24200907,-0.03626412,0.69895387,-0.3990788,0.34540415,0.2312443,-0.008654939,0.3596777,0.12546092,-0.188724,-0.06292115,-0.5202506,0.24225114,0.12135485,-0.3526296,-0.060236495,0.18084654,0.4365536,-0.15996602,1.7217594,-0.15068075,-0.3602241,0.4975944,-0.07316827,-0.17606017,-0.5543779,0.25467417,-0.41382945,0.30150947,0.113191746,-0.34760275,0.189284,0.2648988,0.073854774,-0.53505796,-0.2472302,0.021528814,0.1999667,-0.40470713,0.20206152,0.87107205,-0.03266389,0.34990838,-0.07807671,-0.102831915,0.061414283,0.18681453,0.35033602,0.14161664,0.40903032,-0.05210237,-0.36112767,-0.028733037,-0.15424177,0.05003819,-0.17878607,0.5799204,-0.656185,-0.17611964,-0.36130607,-0.25694844,-0.39848185,-0.19582725,-0.10611381,0.2880976,0.98859215,0.940262,-0.21269776,-0.12820888,-0.27390853,0.14278331,0.32539216,-5.2197165,0.68805677,0.05595372,0.31222275,-0.30651578,-0.27972838,-0.61699647,0.14257503,-0.055136785,-0.6870244,0.050864477,-0.17824608,-0.45800427,0.52896225,0.10857029,-0.08138294,-0.1966024,0.003845483,0.08998889,0.26954234,0.24204116,-0.2759541,0.0005693212,-0.16806886,-0.13419032,-0.25787836,-0.13712941,-0.39627877,0.21476495,0.20772809,-0.3338428,0.12826198,0.21753637,-0.1473791,-0.2784452,0.015664637,-0.16115542,-0.24148013,-0.4135547,0.08669934,-0.13653474,0.7336949,0.2669099,0.33835602,0.09428267,0.44053787,-0.20175411,-0.0019396544,0.0021376126,-0.2827346,0.07397623,0.21795645,-0.23939681,0.2834791,-0.22888686,-0.45133358,0.04576271,0.32905874,0.3885864,0.39632764,1.2934328,-0.18094464,-0.22922188,0.14210935,0.12300942,-0.254573,-0.00032410212,0.24911831,-0.5064995,-0.21581824,0.36622837,0.37173718,0.29164973,0.3383027,0.6832398,-0.32340574,-0.013099497,-0.23300374,-0.024835669,-0.27624914,0.17413482,0.08206017,-0.00092091225,-0.23749003,0.82076323,0.24286337,0.38656068,-0.52080864,0.5721383,-0.20625728,0.060119648,0.16956611,-0.4516929,0.23025727,-0.02771671,0.5382424,-0.0233673,0.23867723,0.49208656,-0.27378908,-0.24691647,0.30972123,0.6846771,-0.013180755,-0.24790022,-0.46962303,0.06996682,0.35325667,-0.6089078,-0.5071054,0.5867936,-0.1430321,-0.09166063,-0.05235444,-0.782573,-0.45887887,0.040158257,0.070208974,-0.13911232,0.27302054,0.5277589,-0.2394997,-0.1037094,0.04689949,0.19538006,0.5021838,0.13602656,0.06953768,-0.097485304,-0.44783708,0.38341287,0.056590788,0.9331506,-0.39479086,0.25681022,0.16725607,0.0883835,0.22701058,-0.1436707,-0.28931534,0.10373908,0.24696255,0.4128509,-0.30453554,-0.282664,-0.50735414,0.29405293,-0.3998109,0.03910126,0.19095153,0.30288595,0.1292772,0.27007425,-0.1585606,-0.09002207,0.022718754,0.0065514,0.29433584,-0.012768526,0.32390013,0.38808635,-0.38683942,-0.16657269,0.015420316,0.71412444,-0.07002412,-1.1045705,-0.27942914,-0.20039655,0.14739044,-0.28684753,-0.61370087,0.28211957,-0.12876096,-0.26113614,0.36883968,0.5173019,-0.15607835,-0.5162222,-0.24013205,0.4429179,-0.43106362,0.4202702,0.22146946,-0.1496895,-0.4075757,-0.50315595,-0.15930232,-0.2168,0.08251896,-0.52936447,-0.3020529,-0.14769457,-0.17162913,2.3641553,0.23608741,-0.12188308,-0.18021461,0.1774125,-0.017919248,-0.120345615,0.24307945,0.0008174251,-0.12033906,-0.1644474,-0.3806916,-0.1112671,0.2369511,-0.43042484,-0.064457744,-0.02032416,0.28250945,0.10463217,0.22917078,0.3053861,0.064795285,0.09438723,-0.25677678,-0.5700232,0.40145773,0.7319454,0.19988018,0.44527465,-0.31975466,0.3490623,0.41980594,-0.104239374,0.54337794,-0.05873482,2.4352443,-0.46525076,-0.8519111,0.6988163,0.22235121,-0.08768239,0.18614821,0.31463665,-0.32258525,-0.37163794,0.31293133,0.1177641,-0.49376497,-0.0636622,-0.022151344,-0.12981668,0.15324812,-0.1754898,0.28113404,-0.64671516,-0.29394576,0.29903555,-0.04547398,0.45530823,0.27472827,-0.46161297,-0.29474753,-0.3403518,-0.3774993,-0.35855263,-0.33214414,-0.109104656,-0.42653817,-0.40853032,0.80755,0.3409973,1.1850699,0.29421726,0.07521311,0.5330286,-0.31326014,0.14533505,-0.5697268,0.16268136,-0.08286089,0.10356279,0.6348877,0.26397327,0.18285112,0.043161545,0.3560865,0.5978702,0.30867788,0.26655924,-0.34428558,0.6282561,0.6295849,0.27585688,0.35339838,-0.025297921,0.072709195,-0.5999223,-0.5103572,0.05791251,0.08358498,0.16511534,0.098214954,-0.5301939,0.49332985,-0.5221486,-0.54449415,-0.03593989,-0.19563001,-0.5077673,0.25095242,-0.12114954,-0.034617633,0.6881015,-0.06627217,-0.2396231,0.016298741,0.36163723,-0.56471443,-0.07283293,0.058700554,-0.3669867,0.6825557,0.4112083,-0.0840594,0.31905517,0.2782249,0.561671,0.074399345,-0.6491674,0.29289427,0.1473141,0.46897128,0.031389236,-0.20225447,0.45480153,0.7023032,-0.02529369,0.17935725,0.15120123,0.057926696,-0.18554847,-0.34101763,-1.8408616,-0.21310455,-0.3863825,-0.34724116,1.2775975,-0.17506179,-0.4187171,0.0663473,-0.072282635,0.5740335,0.41481405,0.3135593,-0.13182664,0.39738777,0.4691896,0.31087846,-0.019673277,-0.43284014,-0.113006935,-0.3538919,0.028744161,-0.2437763,-0.17273648,0.50440854,0.10634351,-0.11387051,-0.8452438,0.30168143,-0.43550265,0.29091442,-0.06173988,-0.10014528,-0.19456655,0.092314065,-0.19631691,0.26737696,0.06546142,0.114639975,0.28390816,-0.01348087,-0.51250774,-0.28207436,-0.24006091,0.29622394,-0.068331815,-0.6447426,0.39197505,-0.09699342,-0.11928801,0.35021487,-0.19015805,0.06299934,0.029335987,-0.44963044,0.6089325,-0.25073284,-0.24098364,0.3225233,0.098022185,-0.23860028,-0.205868,-0.05524507,0.3742392,-0.40897614,-0.08130474,-0.46484047,-0.17420807,-0.43557978,0.012591226,0.20489115,0.023725472,-0.23734863,0.0020789932,0.14636701,-0.1226661,0.024133388,-0.5321131,0.05229067,-0.7699318,0.45130304,-0.15145981,0.16549417,-0.24118373,0.7375135]');
INSERT INTO public.products (product_id, product_name, category_id, is_deleted, created_by, created_at, product_image, status, image_embedding) VALUES (12, 'Jordan 1 Low Diamond Boyz 2022', 3, false, 2, '2026-04-18 18:56:25.210819', '1776513323_69e3712b6056e.jpg', true, '[-0.0557915,0.13385504,0.07635461,0.0655441,-0.07668971,0.39786628,-0.16463216,-0.19098943,0.21494074,-0.15378438,0.054703906,-0.035852943,-0.5566297,-0.1991713,-0.36877236,0.19680545,0.5439872,-0.023048982,-0.05486686,-0.15882868,-0.23659357,-0.27034575,0.06108111,-0.37189382,0.062347874,0.2784244,0.20701864,0.20326442,0.088740006,-0.14343357,-0.23854792,-0.38627365,-0.05713909,0.41870594,-0.05706297,0.19990368,0.31898367,0.3039297,-0.10483849,1.4555023,-0.34300876,-0.26291174,0.17483461,-0.1282328,0.84327734,0.010422473,0.18361267,0.16211937,0.69013345,-0.256858,0.34453157,0.29952168,0.26309374,-0.0764416,-0.16305032,0.0073658056,-0.14918172,0.3828169,-0.16216224,0.5860574,0.31726813,0.10039018,0.41273615,0.10679255,-0.02389905,0.016110707,0.18556271,-0.12311086,-0.46588805,-0.107887946,-0.30850154,-0.07439447,0.089377075,-0.35325003,0.2277173,0.101970166,-0.26282126,-0.057276048,0.078375965,-0.13713485,-0.19120112,0.0983793,-0.36039108,0.040828563,-0.1600081,0.3847081,0.64985335,0.019463975,0.43328583,0.30165288,-0.053243395,0.49081126,-3.9883277,0.22803073,-5.394593e-05,0.08604189,0.006724895,0.07857122,-0.8354894,0.08068156,-0.12261357,-0.11375445,0.4472037,0.07612897,-0.364118,0.5018819,-0.9160747,0.23216328,-0.057127383,0.4673449,0.090660356,0.52152896,0.24705304,0.1451833,-0.3538825,-0.09194254,0.1472564,-0.25663584,0.3804916,-0.15640318,0.037768345,0.30223972,0.22983263,0.04417832,0.29722428,-0.7570353,-0.07567407,-0.18957269,0.42301145,0.57546103,0.30309525,0.089146405,0.034421057,0.65509343,0.13220446,-0.13780929,0.037388243,0.14480054,0.25534424,-0.006590869,-0.2002943,0.0750902,-0.5002416,0.8404085,0.022749288,0.24945611,0.14669068,-0.25438765,0.26163346,0.30158558,0.0717891,0.0705378,0.76121247,-0.12097291,0.45423022,-0.41613305,0.16830191,0.1994118,0.30667177,0.16458519,-0.31622428,-0.43628582,-0.08155283,0.27791402,0.3373004,0.07008982,0.6047935,-0.35196802,0.032588698,-0.20542923,-0.606983,-0.2706441,-0.009265009,-0.0944764,0.0426358,-0.4523597,0.42455944,-0.0044827587,0.112707,-0.63929266,0.9060352,-0.017333267,0.04064024,0.17263336,0.051028818,0.36748508,0.3037942,0.47452793,-0.070327535,0.5399826,-0.2828712,0.041635275,0.39627904,0.18751808,0.727951,-0.03160719,-0.14911076,-0.27191404,-0.394667,0.40280432,-0.3184347,0.12547603,0.45865312,-0.16441756,-0.35126466,0.03731085,-0.7095002,-0.2883356,0.064814344,0.22995782,0.045288548,0.58763826,0.012520007,0.042071745,-0.3471105,0.085711,0.2770788,0.09186563,0.4219503,0.03471914,0.042938177,-0.90931857,0.7286583,0.3280022,0.43623948,-0.2680527,0.47362432,0.15236631,0.058992513,0.15238005,0.02693689,-0.30906755,-0.024125773,0.45470467,-0.06792556,0.058377355,-0.31556174,-0.110103816,0.23859966,-0.18600999,0.04768102,-0.17532913,0.2650117,0.101974934,0.06124966,-0.15174812,-0.51739585,0.18022747,-0.29473424,-0.21273857,-0.20838498,0.5056405,0.36568236,-0.66068834,0.045769308,0.06622175,0.18153153,0.24907804,-0.877284,-0.03435202,-0.26599413,0.5961503,-0.18958656,-0.93719256,-0.043370076,0.021392405,-0.23441494,0.053490017,0.480919,-0.5825307,-0.39495304,0.25442356,-0.028967265,-0.31842864,-0.11009565,0.21603855,-0.31581894,-0.35634646,-0.13088156,0.1718398,0.37742743,0.28154188,-0.20338327,-0.005290727,0.0857852,-0.16195618,2.0053368,-0.17340389,-0.41876778,0.008237372,0.18156369,0.07723161,-0.5373094,0.5160609,-0.20413105,-0.23798636,0.25039658,-0.004016573,0.20655243,0.10651786,-0.5680878,0.32347643,-0.046795562,-0.1926099,0.38333336,0.14765845,-0.31463993,0.12147746,-0.07127072,-0.5809233,-0.26643518,0.23095348,0.6525225,-0.0077842884,-0.04925277,-0.10498069,0.1283815,0.11594997,0.039649554,0.21270499,-0.033097014,1.5482286,0.045195047,-0.30390987,0.3192014,0.25071153,-0.08648526,-0.13847293,0.45702994,-0.468488,0.0790204,-0.017271778,-0.057412736,0.017823007,0.18379387,0.0328082,0.10582765,-0.093142994,-0.04614538,0.43297654,-0.55016357,-0.2727874,-0.074435905,0.6198038,0.87562937,-0.16711208,-0.07719926,-0.2225993,-0.17106394,0.23086351,-0.30646387,0.11973103,-0.57380664,-0.17729692,-0.5606751,0.45630074,0.1446295,0.18270603,0.248936,-0.09550148,0.5090401,-0.30524457,-0.02290279,-0.2867535,0.30727288,-0.13436714,-0.26071972,0.6209624,-0.041919827,0.28592226,0.2557671,0.25735384,0.41534346,0.0015901104,-0.3878644,0.004050358,0.091083586,0.23961717,-0.14089185,0.22633126,-0.12427744,0.18038638,-0.49287972,-0.28782895,0.019712362,-0.36386645,-0.035020925,0.2618072,0.33312178,0.39544013,-0.42857072,-0.23972699,-0.17437364,-0.24549042,-0.423687,0.17507708,0.11633322,-0.26951125,0.28426713,0.29397845,0.44087693,0.024216857,0.62317204,-0.8838371,-0.05811011,-0.3421501,-0.022303164,0.6199241,0.0651694,-0.3046579,0.37363252,0.18524541,0.32337123,-0.06825974,-0.52534986,0.3129992,-0.25565767,0.13206524,-0.2248826,-0.08788882,0.6895749,0.13501447,0.49679714,0.6230432,0.053976916,0.26645565,0.6184595,-0.2626748,-2.1055744,-0.3200131,-0.25291103,-0.29513326,0.85937697,-0.42243,-0.5938547,-0.033971593,-0.6327158,0.39233017,0.7915979,-0.082662486,0.07586681,0.10042896,0.47855693,-0.031565294,0.24872926,-0.36501694,0.1993095,-0.13098314,0.096611276,-0.017735435,-0.60358894,0.74284804,0.024234442,0.43575463,-0.674347,0.114606336,-0.49705812,0.043003403,-0.28582048,-0.21775974,-0.03721914,0.32520127,0.28838214,0.21667671,0.24126475,-0.2011958,0.33048874,-0.11410817,-0.12635684,-0.35845783,-0.2253755,0.036361422,0.15055588,-0.46008608,0.57253605,-0.29354337,-0.262518,0.32031524,-0.40671256,0.1039532,0.2532931,-0.2503647,0.39450806,-0.43509218,-0.048526548,0.3559663,0.3524135,-0.05372128,-0.41852444,-0.936271,0.5272654,-0.22804895,0.33899817,-0.15164708,-0.4622207,-0.27193576,-0.014293119,-0.17892069,0.16534683,0.054750964,-0.121984184,0.22035429,-0.1092951,0.044820093,-0.32293704,-0.3955978,-0.7097638,0.064244464,0.29419166,0.18497297,0.6113547,0.35580114]');
INSERT INTO public.products (product_id, product_name, category_id, is_deleted, created_by, created_at, product_image, status, image_embedding) VALUES (1, 'Nike Air Force 1', 1, false, 2, '2026-04-02 19:54:53.038257', '1775134434_69ce66e237a71.jpg', true, '[-0.30663544,0.08887126,0.29166284,-0.08957319,-0.39889795,0.29056317,-0.28958696,-0.026566334,0.30917203,0.020995252,-0.20172487,-0.13993666,-0.8995106,-0.22116522,-0.0451948,-0.24053231,0.84116906,0.041031756,0.043477662,-0.18873648,-0.41954154,-0.116871625,0.041044198,-0.4147766,0.061530482,0.18470605,0.31499964,0.03737785,0.2815166,-0.18440789,-0.17273659,-0.67854536,0.19550322,0.29747403,-0.13481912,0.024450883,0.22184645,0.3418899,-0.33313724,1.5364479,-0.2495675,-0.27331364,0.3051238,-0.115370885,0.64043784,0.16326669,0.15861599,-0.253103,0.31228402,-0.16557063,0.34613317,0.378611,0.34009507,-0.11045795,-0.22101071,0.16528061,-0.11387597,0.4091586,-0.4722082,0.42437494,0.5536777,-0.10935028,0.55733407,-0.09697351,-0.046321608,0.0119341565,0.215231,-0.25617093,-0.5269496,0.077928625,-0.5474339,-0.11204634,0.0615096,-0.2242813,-0.09269776,0.2852967,-0.14202623,-0.30743256,-0.013163293,-0.2004099,-0.20273052,0.10738744,0.055368904,-0.19695042,0.13907567,0.52682483,0.45046765,0.04114177,0.2955619,-0.22561166,-0.1901548,0.4458961,-4.7435923,0.12587778,-0.0317826,0.24445164,-0.15185615,0.075476795,-0.7025863,0.30957687,-0.2598154,-0.3382106,0.5361647,-0.03381076,-0.42846513,0.5491815,-0.6193546,-0.2808621,-0.21793856,0.43661895,-0.1223734,0.55773926,0.0026754907,-0.1538344,-0.5370786,0.04982354,-0.07466349,-0.15593323,0.27881098,-0.26010358,0.33344927,0.3677626,0.20487182,0.07901362,0.3155053,-0.56679726,-0.439564,-0.3520398,0.42563853,0.31468868,0.11738425,-0.0050501684,-0.07982816,0.73966813,0.050091334,0.22656977,-0.010977759,0.16453414,0.02830689,0.0046560513,-0.14454567,-0.12380937,-0.39699355,0.95801723,0.18159989,0.16923596,0.006300671,-0.093343504,0.6486325,0.12350967,0.31193238,0.33455458,1.1483134,0.050811425,0.22354932,-0.3701848,0.32425472,0.27770162,-0.06747301,0.31003764,-0.120819144,-0.4756313,0.04900479,0.062476695,0.17193979,0.17929417,0.3908754,-0.46300745,0.13306288,-0.09584938,-0.69080275,-0.46656317,0.04183106,0.101160735,0.02233436,-0.3380323,0.24419692,0.014391565,0.17446446,-0.36126766,0.8242885,0.081839286,0.13141444,0.41556895,-0.005050434,0.26442498,-0.16212967,0.5884816,-0.058764223,0.37401032,-0.34534827,0.025091356,0.20282736,0.23206015,0.85096025,0.36055696,0.10884258,-0.3286393,-0.41453907,0.42400226,-0.09616997,-0.23815766,0.4839264,-0.22129786,-0.2864831,0.1162426,-0.70576775,-0.42353258,-0.08831842,0.2071881,-0.027622197,0.66423804,0.04778348,0.041609645,-0.35785347,0.06433609,0.21314059,0.080957286,0.19835582,0.31157893,-0.30375198,-1.1514884,0.61721355,-1.9367784e-05,0.42372155,-0.2406516,0.37296277,0.16041774,0.07948515,0.027256737,-0.04888351,-0.20488873,0.11495143,0.6102277,0.063215956,0.016885795,-0.40906632,-0.21426228,0.15197146,-0.08155187,0.09712088,-0.26422018,0.49329692,0.035440173,-0.16371657,-0.32677948,-0.3966837,0.25434566,0.034979813,-0.21094792,-0.1543896,0.5118471,0.6389595,-0.6300546,0.15320025,0.17706898,0.088159196,0.3414944,-1.1639326,0.21036743,0.0031259619,0.3993936,-0.3615886,-0.16345815,-0.0068735788,0.13221171,-0.20469704,0.3147503,0.43675476,-0.33371907,-0.42681277,0.05757226,0.020054877,-0.19013268,0.21317114,0.13873942,-0.44281146,-0.51771903,-0.21065868,-0.14054587,0.6101006,0.24657717,-0.19352952,-0.3315666,-0.12210783,-0.33691403,1.7290064,-0.13504618,-0.26396313,0.11463795,-0.04853742,0.12949087,-0.32587823,0.3997402,-0.23684148,0.047296003,-0.013183011,-0.36931533,0.07694762,0.22389568,-0.3752244,0.21920666,-0.050181746,-0.33485132,0.24718119,-0.10718571,-0.42839018,0.32164627,0.27499595,-0.5999048,-0.15186243,0.25452352,0.7382937,0.08083542,0.13318394,-0.22866912,0.4491089,0.17519207,-0.03425295,0.088235825,-0.45922336,1.4977763,-0.106241085,-0.4782758,0.32337686,0.20681025,0.19197403,0.09358944,0.33668795,-0.31806204,-0.10793795,0.1299435,0.013579822,0.08358976,0.08198255,0.17475335,-0.2768778,0.014483084,-0.4026014,0.57021385,-0.44972935,-0.20406596,-0.067546174,0.7175743,0.5407734,-0.28474838,-0.08141313,-0.25549415,-0.102129474,-0.11642353,-0.054721393,0.19534965,-0.42828655,-0.24703635,-0.7004284,0.4809147,0.08767948,0.13205346,0.17937031,-0.0035783877,0.46260688,-0.1695134,-0.178696,-0.68922865,0.15963976,0.14166799,-0.088801615,0.14185688,0.034996614,-0.11045962,-0.00082085305,0.28464773,0.43420935,-0.0500794,-0.13326012,-0.3197949,0.14891616,0.012565899,-0.20712738,0.06037318,0.106721684,0.101691976,-0.41595215,0.0005999962,-0.006174567,-0.18917951,0.10713316,0.21468493,0.16778998,0.22462301,-0.63453776,-0.37322557,-0.14108445,-0.5370589,-0.5862822,0.19897784,0.07093409,-0.00065130927,0.027769994,0.44408977,0.12656336,-0.063584834,0.9616906,-0.95189065,-0.023708915,-0.5418728,-0.22507662,0.5628494,-0.27408376,-0.42571774,0.25041404,-0.10062085,0.6549125,-0.063237675,-0.52309126,0.3876024,-0.3331277,0.21029606,-0.26238874,0.004442993,0.35799536,0.22291912,0.6082999,0.81682134,-0.14623386,0.08107864,0.5181741,-0.11933821,-1.9983904,-0.17154868,-0.394534,-0.18249369,1.2715353,-0.075819016,-0.60879606,0.017123036,-0.5908288,0.5392831,0.92369753,0.24384159,-0.03789321,-0.2562589,0.15924406,0.13812639,0.026719905,-0.48852438,-0.23179097,-0.006198137,-0.19143704,-0.11970117,-0.59355474,0.52283305,0.2963585,0.24381576,-0.41669187,0.05854187,-0.24576083,-0.08690144,-0.075599164,-0.36659977,0.08637009,0.3211502,0.042970385,0.14613144,0.40415895,-0.070249796,0.2911114,0.063479014,-0.06562245,-0.14727402,-0.13778558,0.07774856,0.04142934,-0.5383445,0.5617908,-0.53024423,-0.077425934,0.1249454,-0.28575143,0.24150474,0.38314936,-0.38149384,0.4469106,-0.37050366,-0.12610993,0.18656951,0.493098,-0.07096352,-0.33473673,-0.69502616,0.33921242,-0.5957482,0.30616048,-0.16271602,-0.48132658,-0.50439286,0.27935773,-0.020025728,0.037826963,0.12279563,-0.31737235,0.095659226,-0.17509939,0.12876275,-0.21155447,-0.41960087,-0.5674651,0.2502203,0.12501295,0.101590425,0.2821365,0.47678792]');
INSERT INTO public.products (product_id, product_name, category_id, is_deleted, created_by, created_at, product_image, status, image_embedding) VALUES (2, 'Nike Blazer Phantom Low', 1, false, 2, '2026-04-02 19:55:29.618771', '1775134450_69ce66f2ab67c.jpg', true, '[-0.4889849,-0.18724783,0.21389934,0.0004404001,-0.2714748,0.30622584,-0.39725223,-0.15492608,-0.0054816846,-0.346616,-0.15315081,0.23788366,-0.6204264,0.078675054,-0.23803222,-0.16854846,0.88528067,0.18264349,-0.15871108,-0.016676582,-0.496351,-0.09787481,-0.09576392,-0.46501052,0.0656169,0.09043497,0.18545717,0.12042335,0.2661814,-0.23864733,-0.13928899,-0.3931738,0.23861071,0.17502128,-0.2834129,0.16325565,0.4704847,0.27159178,-0.14589006,1.6367792,-0.12853116,-0.379708,0.027079215,-0.13856038,0.38719368,-0.53759646,0.14528573,0.13155617,0.4229679,-0.33936545,0.34861177,0.3461467,0.21653658,0.114511155,-0.20455937,0.036996625,0.31482363,0.4623577,-0.29900083,0.44538566,0.81989735,0.28912383,0.47336468,0.25525814,-0.2277364,-0.27661455,0.22099763,0.25703287,-0.46165606,0.015447289,-0.4644573,-0.3629842,-0.18133458,-0.111251965,0.18356586,0.063062064,-0.0028091557,-0.3368603,-0.20223916,-0.44566134,-0.2882869,-0.25902343,0.087939486,-0.09437299,0.11807198,0.6164672,0.26080894,-0.1342465,0.01218608,0.03240911,0.35040244,0.4911212,-4.591319,0.5417849,-0.1136505,0.0071129943,0.07343787,-0.29922506,-0.74594665,0.2805005,-0.19644368,-0.62881017,0.37806848,0.06925506,-0.21405348,0.3043722,-0.5167486,-0.041490395,-0.3134249,0.27388546,-0.29597217,0.3951572,0.22821699,0.13064103,-0.46044365,0.07256231,0.1977097,-0.37722674,0.3556241,-0.43127072,0.2715271,0.33575654,0.120828636,0.27657273,0.34095618,-0.7806789,-0.124995135,-0.23606922,0.4023933,0.012181515,0.14853656,-0.25224093,-0.014557701,0.726736,-0.12507534,0.3127075,-0.22161077,0.08240213,-0.17335556,0.06278572,-0.22530833,-0.26099074,-0.08752742,0.98598903,0.02642839,-0.11874798,-0.091543324,0.29427803,0.60488456,0.06989833,0.12430484,0.37096256,0.88331723,-0.09015576,-0.09081268,0.018931188,0.4697835,0.2336915,-0.06025384,0.33564952,-0.2240058,0.009306874,0.40201738,0.22139622,-0.010318249,-0.048091404,0.39424694,-0.46751657,0.30043048,0.028727174,-0.41177818,-0.23777716,0.1910387,0.07275914,-0.14818522,-0.43955025,0.13667762,0.007256572,0.2584579,-0.44848812,1.0368576,-0.4639226,-0.08716108,0.107767224,-0.21609686,-0.055679254,-0.025120571,0.7495934,0.10840113,0.18754776,0.2893035,-0.11718553,0.4582597,0.11262426,0.7550224,0.24962646,0.03238325,-0.38294512,-0.2836384,0.26874182,-0.25691852,-0.25955215,0.49749866,-0.035578348,-0.25149572,0.05683896,-0.73752016,-0.41020128,0.072657876,0.36759916,-0.31631723,0.55428,0.44160408,-0.3083786,-0.14024171,-0.049811568,0.014248472,-0.06386182,0.40369397,-0.0016357531,-0.35835007,-0.96267956,0.6300742,0.04752585,0.72773826,-0.40883383,0.35571817,0.1264635,0.16825277,0.071272336,-0.09860782,-0.55411,0.17701544,0.5269718,0.47962856,-0.17332314,-0.13829714,-0.21339679,0.08809111,0.098390274,0.33647016,0.29427502,0.63404614,-0.1770317,-0.10072037,-0.19960926,-0.04338568,0.34623784,-0.08836471,-0.472093,0.013398631,0.39294004,0.4464227,-0.5403147,0.41230404,0.35328966,0.01455703,0.24640393,-1.0959729,-0.051808655,-0.0048233327,0.26141763,-0.29529038,0.13239633,-0.030781308,0.35605842,-0.22554621,0.572035,0.5940803,-0.69884783,-0.3751408,-0.09756981,-0.2817315,-0.14209637,0.099843755,0.11331586,-0.025825113,-0.3883557,-0.17196062,-0.121098675,0.36915168,0.12573111,-0.5543391,-0.04988288,-0.026506264,-0.22059989,2.0680323,-0.11172903,-0.092518136,0.22508372,0.038723454,0.32802585,-0.46572256,0.5164849,-0.20464604,-0.054340925,0.025835577,-0.2532865,-0.24169786,0.05138149,-0.21407652,0.25738758,-0.12099631,-0.6040926,-0.07452907,0.06890197,-0.12332752,0.113105334,-0.085127965,-0.4350999,-0.279931,0.16149399,0.7239809,-0.1064867,0.01711973,-0.1359786,0.25887597,0.08782417,-0.18103561,0.04367061,-0.36252326,1.4415439,-0.05588261,-0.5495822,0.11663952,0.12943444,0.08741441,-0.23621573,0.10622073,-0.38455355,-0.12126066,0.18567275,0.08421917,-0.015496977,0.33677635,0.10175976,0.008268866,-0.002031941,-0.23733021,0.37346694,-0.39916125,-0.08440077,0.045388646,0.626016,0.6811413,-0.46884945,-0.022577457,-0.122430034,-0.03608006,-0.09522555,-0.25050628,0.40004262,0.12455343,-0.14206977,-0.34965894,0.4944359,0.06836135,0.38346013,-0.038213093,-0.09581935,0.2766456,-0.10293586,-0.058098204,-0.35963956,0.2306793,-0.016005732,-0.2005225,0.48532668,0.26142636,-0.12534323,0.117913865,0.78064376,0.5770618,-0.2232041,-0.28097725,-0.08807325,0.3954425,0.20413606,-0.30406204,0.076074906,0.30213258,0.10354657,-0.2849871,-0.4454595,0.16012049,0.20934662,0.26366872,-0.041795783,-0.048353128,0.7584499,-0.5062773,-0.31910634,0.002202684,-0.42925844,-0.6956705,0.23981763,0.037651323,-0.63562304,0.3612423,0.5015082,0.12987038,0.02857393,0.72966015,-0.8484155,-0.08088897,-0.43671885,0.09093132,0.31251067,-0.1733336,-0.4635547,0.45022517,0.13951063,0.10230051,-0.095042296,-0.76751757,0.4488951,0.015068196,0.683669,-0.22595142,-0.22794604,0.5664798,0.2549081,0.60614496,0.42965737,-0.21457379,0.17767552,0.2354359,-0.35126546,-1.8547593,-0.34702381,-0.47556335,-0.27239358,1.551831,-0.04868542,-0.40799424,0.102099776,-0.18389437,0.4753639,0.41633537,0.119466394,-0.25723392,0.07319318,-0.02508463,0.1657212,-0.15434322,-0.45236635,-0.15199766,-0.16327055,-0.20359132,-0.28462714,-0.20796785,0.33327824,0.2400035,0.2219084,-0.31381592,0.22247492,-0.31666806,-0.06777653,-0.14013374,-0.1548206,0.18034801,0.3093689,0.0072387364,0.28300607,0.41820803,0.06836429,0.26859623,-0.045403965,-0.14021233,-0.50541157,-0.1443752,-0.17721933,0.1551053,-0.68923473,0.3192291,-0.12778834,-0.1409894,0.16865137,0.16553074,0.07244243,0.07540051,-0.28266498,0.49847513,-0.39071685,-0.18124823,0.656852,0.3151028,-0.21794382,-0.31208086,-0.7859436,0.507222,-0.27001053,0.13074411,-0.4285873,-0.567977,-0.2730055,0.11627899,-0.22882755,-0.21602446,-0.33919644,-0.36721164,0.3507973,-0.10667329,0.06563279,-0.2576481,-0.28930634,-0.6793392,0.5123168,0.106447965,0.14394371,0.39812484,0.39059392]');
INSERT INTO public.products (product_id, product_name, category_id, is_deleted, created_by, created_at, product_image, status, image_embedding) VALUES (3, 'Nike Sacai Waffle', 1, false, 2, '2026-04-02 19:55:45.954126', '1775134466_69ce6702df3f1.jpg', true, '[-0.79420227,-0.18833092,0.12454303,0.10105114,0.10825231,0.32501215,-0.24444024,0.06600723,-0.009207744,-0.18936022,0.2713743,-0.40496758,-0.8826454,-0.37564382,0.014449732,-0.113313034,0.3029909,0.10049923,-0.29201582,-0.031128159,-0.20692922,-0.19856827,-0.092910245,-0.13508952,0.21116889,0.32757643,0.3197687,0.10903319,0.4193983,-0.14705855,-0.27858981,-0.23222993,-0.1522012,-0.046444025,0.06502788,0.28301242,0.54128146,0.13577919,-0.013988251,1.745934,-0.06358828,-0.19707549,0.28333187,0.14401886,0.58633214,-0.26071504,0.1968821,-0.23762716,0.4559123,-0.22748837,0.18271479,0.34945136,0.2817164,0.11432706,-0.510345,-0.0067531895,-0.07523876,0.4315588,-0.34400558,0.2298113,0.3077116,0.093777776,0.03281849,0.19847564,-0.26890343,-0.08169816,0.33214572,-0.2243345,0.045882836,-0.19474682,0.08643902,0.16370922,-0.10241846,-0.08294892,0.17603633,0.2856567,-0.3244175,-0.124202736,-0.20552363,-0.31358564,0.20786588,0.06378125,-0.16625094,-0.03225024,0.12093189,0.05983068,0.32511267,-0.31728408,0.51465267,-0.2126397,-0.6070137,0.5595044,-4.0850296,0.62674856,-0.037888624,0.37230745,-0.037952553,-0.15476234,-0.458086,0.2661795,-0.13045794,-0.3194684,0.30706185,-0.2798907,-0.1221956,0.15073442,-1.229757,0.08233009,-0.122795634,-0.005939562,0.05556347,0.46703368,0.08580275,-0.06376329,-0.18036197,-0.2563948,0.20852093,-0.27930555,0.15860043,0.11634356,0.7419078,0.3620601,0.33549684,-0.030827798,-0.24279225,-0.4040161,-0.103480935,-0.15736279,0.54561484,0.20836486,0.08378288,-0.38095638,0.44084552,0.6429048,-0.11090078,0.017804086,-0.57716274,-0.35566756,-0.032749914,-0.15248673,-0.3530097,0.081283435,-0.12812608,0.687116,0.33185738,0.13058753,0.18781115,-0.21955249,0.4799533,0.32056525,-0.1572672,0.23919208,0.6417586,0.040716,0.16033225,-0.21443334,0.48664021,0.15910171,-0.09108988,0.45369232,-0.021436285,0.0021581817,0.5051262,0.23456447,-0.020087674,-0.27140716,0.6400523,0.15297833,-0.12469027,-0.29787046,-0.36630854,-0.5422167,0.092951804,0.35893607,-0.34034848,-0.31932878,0.06708575,0.23502211,-0.043042473,-0.26690513,0.5069871,-0.070352055,-0.1508157,0.09937798,0.15100333,0.49976623,-0.314332,0.3579441,0.029286932,0.0599442,0.010314835,-0.13643114,0.13994406,0.4670771,0.3364252,0.38838834,-0.09631271,-0.23078938,-0.22910814,0.4558274,-0.524352,0.15130526,0.6285198,0.108124055,-0.21676205,-0.015299197,-0.5944312,-0.19721515,-0.094005175,0.54382354,-0.09650158,0.6713247,0.18191746,-0.01773417,-0.51853466,0.21948627,-0.12140612,-0.043793026,-0.5032306,0.12102979,-0.5790149,-1.1452694,0.4364627,0.26919013,0.5063975,-0.1319489,0.27280068,-0.30651334,0.3934652,0.29515442,-0.45204735,-0.45828563,-0.15193836,0.8837751,0.11504836,-0.15651336,-0.2258979,-0.18329018,0.26913553,-0.06840573,0.4176464,0.013720887,0.58363235,0.33301967,-0.050635874,-0.63047963,-0.27717647,0.17540132,-0.39404976,-0.4183749,0.01181859,0.528216,0.72637445,-0.37044165,0.05768181,-0.03966304,-0.107125185,0.064148754,-1.296049,0.18524192,-0.22514413,0.82432723,-0.26385748,-0.3081504,0.48052132,0.22400819,-0.19487302,0.17616922,0.3372762,-0.34618944,-0.56061214,0.09615014,-0.19916286,-0.25716153,-0.16376366,0.10549722,-0.03712942,-0.44272098,0.019224599,-0.06353954,0.35486814,0.20854683,-0.22731914,-0.45785713,-0.098346315,-0.036355697,1.8374585,0.22550069,-0.45955786,-0.1385693,0.07751201,-0.06605623,0.36539254,0.7383779,-0.17325792,-0.013643958,0.23994803,0.025303978,0.16001984,0.48259154,-0.45791695,0.37472975,0.407715,-0.5824262,-0.13448843,-0.053794634,-0.40222508,0.2520926,0.020252792,-0.3966304,0.26721197,-0.06875904,0.640125,-0.15131345,-0.33977687,-0.030662423,-0.32268584,-0.20449802,-0.01626416,-0.22784418,-0.26484698,0.6278981,-0.049388416,-0.11060207,0.25657925,-0.10686265,0.27790245,-0.11721953,0.47520113,-0.52284324,0.012705528,-0.08115733,-0.37820604,0.36032328,-0.0009843409,0.18198343,0.24948157,0.14676358,-0.22248593,0.15257385,-0.614297,-0.28008398,-0.14447027,0.45028165,0.5239716,-0.39896068,-0.23835431,-0.055535223,-0.10825934,-0.15250365,-0.46881995,0.30206427,-0.38544282,0.034711666,-0.5904344,0.22019881,-0.075834475,0.08929345,0.06279636,-0.11387955,-0.16017419,0.2031345,-0.29890162,-0.13350752,0.47185713,-0.11152399,-0.105649866,0.08034075,0.45194486,0.034131903,0.32523054,0.58297986,0.65885645,-0.08746055,-0.23001732,-0.26457608,0.33863062,0.0902136,0.22977357,0.13261025,0.2209556,0.22321,-0.02826578,-0.11284694,0.090876676,-0.040802613,0.40567178,0.5483993,0.3660218,0.40802354,-0.6782699,0.12594521,-0.26214355,-0.23816442,-0.7155257,0.11329046,-0.12074932,-0.3006114,0.11288169,0.54613906,0.04475513,0.029052837,1.1522993,-0.14925872,0.44229797,-0.31400758,-0.035255414,0.43110338,-0.40122733,-0.051503744,0.1998064,-0.03334962,0.49275562,0.3768148,-0.4024713,0.06588003,0.3166939,0.11479729,-0.052786298,0.10636343,0.23577778,0.26833522,0.787246,0.30791587,0.007221226,-0.07109726,0.035962086,0.086844526,-1.9428577,-0.26162294,-0.06610322,-0.4493686,0.80397475,-0.008468932,0.11839457,0.00073114596,-0.59491384,0.282103,0.531874,0.14326626,0.096108824,-0.18233985,0.37672946,-0.5310321,0.13679415,-0.11755265,-0.1867701,-0.22830899,-0.10479698,0.1450436,-0.37879306,0.32374153,0.20124236,0.28868255,-0.26841632,0.10822823,-0.33086967,0.41066876,-0.31844425,0.016312888,0.45343187,0.04931873,0.33660913,0.31420237,0.16610958,-0.009824851,0.19967693,-0.14003992,-0.51139337,-0.48026142,-0.12612191,-0.43278247,0.24074426,-0.6392777,0.7471022,0.14119768,-0.29005444,0.16734952,-0.37972873,-0.15781999,0.28864682,-0.27609628,0.017631536,-0.17524657,-0.1922956,0.47345138,0.49739182,-0.17865716,-0.5924059,-0.7387759,0.29507536,-0.30125007,0.25535348,-0.4660118,-0.51027143,-0.16699779,-0.090554185,-0.3998804,0.16400449,-0.012604476,-0.33670223,0.08453415,-0.21820126,0.34416372,-0.19035989,-0.496374,-0.6031099,0.15721653,0.41546738,0.03455972,0.3442516,0.21229537]');


--
-- TOC entry 5279 (class 0 OID 33644)
-- Dependencies: 244
-- Data for Name: shelves; Type: TABLE DATA; Schema: public; Owner: -
--

INSERT INTO public.shelves (shelf_id, shelf_name, total_tiers, slots_per_tier, max_capacity_per_slot, layout, created_at, updated_at) VALUES (1, 'A', 4, 6, 4, '{"1": {"01": [1, 1, 14, 14], "02": [14, 14, 14, 14], "03": [2, 2, 2, 2], "04": [2, 2, 2, 2], "05": [2, 2, 2, 2], "06": [2, 2, 14, 14]}, "2": {"01": [15, 15, 15, 15], "02": [15, 15, 15, 15], "03": [15, 15, 1, 1], "04": [1, 1, 1, 1], "05": [2, 1, 1, 1], "06": [1, 1, 1, 1]}, "3": {"01": [14, 14, 14, 14], "02": [14, 14, 14, 3], "03": [3, 3, 3, 3], "04": [3, 3, 3, 3], "05": [3, 13, 13, 13], "06": [13, 13, 13, 13]}, "4": {"01": [13, 13, 13, 18], "02": [16, 16, 16, 16], "03": [16, 16, 16, 16], "04": [17, 17, 17, 17], "05": [17, 17, 17, 17], "06": [18, 18, 18, 18]}}', '2026-04-18 19:19:20.801506', '2026-04-18 19:19:20.801506');
INSERT INTO public.shelves (shelf_id, shelf_name, total_tiers, slots_per_tier, max_capacity_per_slot, layout, created_at, updated_at) VALUES (2, 'B', 4, 6, 4, '{"1": {"01": [40, 40, 35, 39], "02": [39, 39, 39, 39], "03": [35, 41, 41, 42], "04": [41, 42, 42, 49], "05": [49, 12, 12, 12], "06": [12, 12, 12, 12]}, "2": {"01": [18, 18, 18, 35], "02": [37, 35, 35, 40], "03": [38, 38, 37, 37], "04": [37, 37, 38, 38], "05": [38, 36, 36, 36], "06": [36, 36, 40, 40]}, "3": {"01": [12, 12, 12, 11], "02": [11, 11, 11, 11], "03": [11, 11, 11, 11], "04": [11, 30, 30, 30], "05": [30, 30, 30, 30], "06": [30, 29, 29, 29]}, "4": {"01": [29, 29, 29, 29], "02": [29, 31, 31, 31], "03": [31, 32, 32, 32], "04": [32, 32, 34, 34], "05": [34, 34, 34, 33], "06": [33, 33, 33, 33]}}', '2026-04-18 19:19:20.801506', '2026-04-18 19:19:20.801506');
INSERT INTO public.shelves (shelf_id, shelf_name, total_tiers, slots_per_tier, max_capacity_per_slot, layout, created_at, updated_at) VALUES (5, 'E', 4, 6, 4, '{"1": {"01": [5, 5, 5, 5], "02": [5, 5, 5, 6], "03": [6, 22, 22, 22], "04": [22, 22, 20, 20], "05": [20, 20, 20, 21], "06": [21, 21, 21, 21]}, "2": {"01": [26, 26, 24, 24], "02": [24, 24, 24, 24], "03": [24, 23, 23, 23], "04": [23, 26, 43, 43], "05": [43, 10, 10, 10], "06": [10, 10, 10, 10]}, "3": {"01": [], "02": [], "03": [], "04": [], "05": [], "06": []}, "4": {"01": [], "02": [], "03": [], "04": [], "05": [], "06": []}}', '2026-04-18 19:19:20.801506', '2026-04-18 19:19:20.801506');
INSERT INTO public.shelves (shelf_id, shelf_name, total_tiers, slots_per_tier, max_capacity_per_slot, layout, created_at, updated_at) VALUES (6, 'F', 4, 6, 4, '{"1": {"01": [21, 19, 19, 19], "02": [19, 19, 19, 19], "03": [19, 21, 21, 20], "04": [20, 20, 55], "05": [], "06": []}, "2": {"01": [10, 10, 10, 10], "02": [10, 10, 10, 10], "03": [9, 9, 9, 9], "04": [9, 9, 9, 9], "05": [9, 9, 27, 48], "06": [48, 48, 48, 48]}, "3": {"01": [], "02": [], "03": [], "04": [], "05": [], "06": []}, "4": {"01": [], "02": [], "03": [], "04": [], "05": [], "06": []}}', '2026-04-18 19:19:20.801506', '2026-04-18 19:19:20.801506');
INSERT INTO public.shelves (shelf_id, shelf_name, total_tiers, slots_per_tier, max_capacity_per_slot, layout, created_at, updated_at) VALUES (3, 'C', 4, 6, 4, '{"1": {"01": [48, 48, 48, 48], "02": [48, 48, 48, 48], "03": [48, 28, 28, 28], "04": [28, 28, 28, 28], "05": [28, 27, 27, 27], "06": [27, 27, 27, 27]}, "2": {"01": [31, 44, 45, 45], "02": [47, 45, 44, 44], "03": [47, 47, 8, 8], "04": [8, 7, 8, 8], "05": [8, 8, 8, 8], "06": [8, 7, 7, 7]}, "3": {"01": [], "02": [], "03": [], "04": [], "05": [], "06": []}, "4": {"01": [], "02": [], "03": [], "04": [], "05": [], "06": []}}', '2026-04-18 19:19:20.801506', '2026-04-18 19:19:20.801506');
INSERT INTO public.shelves (shelf_id, shelf_name, total_tiers, slots_per_tier, max_capacity_per_slot, layout, created_at, updated_at) VALUES (4, 'D', 4, 6, 4, '{"1": {"01": [46, 46, 46, 6], "02": [6, 4, 4, 6], "03": [6, 6, 6, 6], "04": [6, 4, 4, 4], "05": [4, 4, 4, 4], "06": [4, 5, 5, 5]}, "2": {"01": [7, 7, 7, 7], "02": [7, 7, 23, 23], "03": [23, 25, 25, 25], "04": [25, 25, 25, 25], "05": [25, 24, 23, 26], "06": [26, 26, 26, 26]}, "3": {"01": [], "02": [], "03": [], "04": [], "05": [], "06": []}, "4": {"01": [], "02": [], "03": [], "04": [], "05": [], "06": []}}', '2026-04-18 19:19:20.801506', '2026-04-18 19:19:20.801506');


--
-- TOC entry 5268 (class 0 OID 17124)
-- Dependencies: 233
-- Data for Name: system_logs; Type: TABLE DATA; Schema: public; Owner: -
--

INSERT INTO public.system_logs (log_id, user_id, action_type, table_affected, details, created_at) VALUES (1, 1, 'LOGIN', 'users', '{"message": "Admin logged in"}', '2026-03-31 13:12:46.232382');
INSERT INTO public.system_logs (log_id, user_id, action_type, table_affected, details, created_at) VALUES (2, 2, 'INSERT', 'products', '{"product": "Nike Air Force 1 via AI Scan"}', '2026-03-31 13:12:46.232382');
INSERT INTO public.system_logs (log_id, user_id, action_type, table_affected, details, created_at) VALUES (3, 1, 'APPROVE', 'pending_imports', '{"status": "Manager approved Nike Dunk lot"}', '2026-03-31 13:12:46.232382');


--
-- TOC entry 5275 (class 0 OID 17430)
-- Dependencies: 240
-- Data for Name: transactions; Type: TABLE DATA; Schema: public; Owner: -
--

INSERT INTO public.transactions (transaction_id, transaction_type, variant_id, quantity, user_id, reference_id, created_at) VALUES (1, 'IMPORT', 1, 20, 2, NULL, '2026-02-19 08:15:00');
INSERT INTO public.transactions (transaction_id, transaction_type, variant_id, quantity, user_id, reference_id, created_at) VALUES (2, 'IMPORT', 2, 20, 2, NULL, '2026-02-20 09:30:00');
INSERT INTO public.transactions (transaction_id, transaction_type, variant_id, quantity, user_id, reference_id, created_at) VALUES (3, 'IMPORT', 10, 20, 1, NULL, '2026-02-21 10:10:00');
INSERT INTO public.transactions (transaction_id, transaction_type, variant_id, quantity, user_id, reference_id, created_at) VALUES (4, 'IMPORT', 14, 20, 10, NULL, '2026-02-22 14:00:00');
INSERT INTO public.transactions (transaction_id, transaction_type, variant_id, quantity, user_id, reference_id, created_at) VALUES (5, 'IMPORT', 15, 20, 12, NULL, '2026-02-23 15:45:00');
INSERT INTO public.transactions (transaction_id, transaction_type, variant_id, quantity, user_id, reference_id, created_at) VALUES (6, 'IMPORT', 3, 15, 1, NULL, '2026-02-24 08:20:00');
INSERT INTO public.transactions (transaction_id, transaction_type, variant_id, quantity, user_id, reference_id, created_at) VALUES (7, 'IMPORT', 4, 15, 2, NULL, '2026-02-25 09:10:00');
INSERT INTO public.transactions (transaction_id, transaction_type, variant_id, quantity, user_id, reference_id, created_at) VALUES (8, 'IMPORT', 5, 15, 10, NULL, '2026-02-26 10:05:00');
INSERT INTO public.transactions (transaction_id, transaction_type, variant_id, quantity, user_id, reference_id, created_at) VALUES (9, 'IMPORT', 6, 15, 12, NULL, '2026-02-27 11:30:00');
INSERT INTO public.transactions (transaction_id, transaction_type, variant_id, quantity, user_id, reference_id, created_at) VALUES (10, 'IMPORT', 7, 15, 1, NULL, '2026-02-28 13:20:00');
INSERT INTO public.transactions (transaction_id, transaction_type, variant_id, quantity, user_id, reference_id, created_at) VALUES (11, 'IMPORT', 8, 15, 2, NULL, '2026-02-28 14:15:00');
INSERT INTO public.transactions (transaction_id, transaction_type, variant_id, quantity, user_id, reference_id, created_at) VALUES (12, 'IMPORT', 9, 15, 10, NULL, '2026-02-28 15:50:00');
INSERT INTO public.transactions (transaction_id, transaction_type, variant_id, quantity, user_id, reference_id, created_at) VALUES (13, 'IMPORT', 11, 15, 12, NULL, '2026-02-28 16:30:00');
INSERT INTO public.transactions (transaction_id, transaction_type, variant_id, quantity, user_id, reference_id, created_at) VALUES (14, 'IMPORT', 12, 15, 1, NULL, '2026-02-28 17:10:00');
INSERT INTO public.transactions (transaction_id, transaction_type, variant_id, quantity, user_id, reference_id, created_at) VALUES (15, 'IMPORT', 13, 15, 2, NULL, '2026-02-28 18:00:00');
INSERT INTO public.transactions (transaction_id, transaction_type, variant_id, quantity, user_id, reference_id, created_at) VALUES (16, 'IMPORT', 16, 12, 10, NULL, '2026-03-01 08:30:00');
INSERT INTO public.transactions (transaction_id, transaction_type, variant_id, quantity, user_id, reference_id, created_at) VALUES (17, 'IMPORT', 17, 12, 12, NULL, '2026-03-02 09:45:00');
INSERT INTO public.transactions (transaction_id, transaction_type, variant_id, quantity, user_id, reference_id, created_at) VALUES (18, 'IMPORT', 18, 12, 1, NULL, '2026-03-03 10:15:00');
INSERT INTO public.transactions (transaction_id, transaction_type, variant_id, quantity, user_id, reference_id, created_at) VALUES (19, 'IMPORT', 19, 12, 2, NULL, '2026-03-04 11:20:00');
INSERT INTO public.transactions (transaction_id, transaction_type, variant_id, quantity, user_id, reference_id, created_at) VALUES (20, 'IMPORT', 20, 12, 10, NULL, '2026-03-05 13:40:00');
INSERT INTO public.transactions (transaction_id, transaction_type, variant_id, quantity, user_id, reference_id, created_at) VALUES (21, 'IMPORT', 21, 12, 12, NULL, '2026-03-06 14:50:00');
INSERT INTO public.transactions (transaction_id, transaction_type, variant_id, quantity, user_id, reference_id, created_at) VALUES (22, 'IMPORT', 22, 12, 1, NULL, '2026-03-07 15:30:00');
INSERT INTO public.transactions (transaction_id, transaction_type, variant_id, quantity, user_id, reference_id, created_at) VALUES (23, 'IMPORT', 23, 12, 2, NULL, '2026-03-08 08:10:00');
INSERT INTO public.transactions (transaction_id, transaction_type, variant_id, quantity, user_id, reference_id, created_at) VALUES (24, 'IMPORT', 24, 12, 10, NULL, '2026-03-08 09:25:00');
INSERT INTO public.transactions (transaction_id, transaction_type, variant_id, quantity, user_id, reference_id, created_at) VALUES (25, 'IMPORT', 25, 12, 12, NULL, '2026-03-08 10:40:00');
INSERT INTO public.transactions (transaction_id, transaction_type, variant_id, quantity, user_id, reference_id, created_at) VALUES (26, 'IMPORT', 26, 12, 1, NULL, '2026-03-09 11:55:00');
INSERT INTO public.transactions (transaction_id, transaction_type, variant_id, quantity, user_id, reference_id, created_at) VALUES (27, 'IMPORT', 27, 12, 2, NULL, '2026-03-09 13:10:00');
INSERT INTO public.transactions (transaction_id, transaction_type, variant_id, quantity, user_id, reference_id, created_at) VALUES (28, 'IMPORT', 28, 12, 10, NULL, '2026-03-10 14:20:00');
INSERT INTO public.transactions (transaction_id, transaction_type, variant_id, quantity, user_id, reference_id, created_at) VALUES (29, 'IMPORT', 29, 12, 12, NULL, '2026-03-10 15:35:00');
INSERT INTO public.transactions (transaction_id, transaction_type, variant_id, quantity, user_id, reference_id, created_at) VALUES (30, 'IMPORT', 30, 12, 1, NULL, '2026-03-10 16:50:00');
INSERT INTO public.transactions (transaction_id, transaction_type, variant_id, quantity, user_id, reference_id, created_at) VALUES (31, 'IMPORT', 31, 10, 2, NULL, '2026-03-11 08:00:00');
INSERT INTO public.transactions (transaction_id, transaction_type, variant_id, quantity, user_id, reference_id, created_at) VALUES (32, 'IMPORT', 32, 10, 10, NULL, '2026-03-12 09:15:00');
INSERT INTO public.transactions (transaction_id, transaction_type, variant_id, quantity, user_id, reference_id, created_at) VALUES (33, 'IMPORT', 33, 10, 12, NULL, '2026-03-13 10:30:00');
INSERT INTO public.transactions (transaction_id, transaction_type, variant_id, quantity, user_id, reference_id, created_at) VALUES (34, 'IMPORT', 34, 10, 1, NULL, '2026-03-14 11:45:00');
INSERT INTO public.transactions (transaction_id, transaction_type, variant_id, quantity, user_id, reference_id, created_at) VALUES (35, 'IMPORT', 35, 10, 2, NULL, '2026-03-15 13:00:00');
INSERT INTO public.transactions (transaction_id, transaction_type, variant_id, quantity, user_id, reference_id, created_at) VALUES (36, 'IMPORT', 36, 10, 10, NULL, '2026-03-16 14:15:00');
INSERT INTO public.transactions (transaction_id, transaction_type, variant_id, quantity, user_id, reference_id, created_at) VALUES (37, 'IMPORT', 37, 10, 12, NULL, '2026-03-17 15:30:00');
INSERT INTO public.transactions (transaction_id, transaction_type, variant_id, quantity, user_id, reference_id, created_at) VALUES (38, 'IMPORT', 38, 10, 1, NULL, '2026-03-18 16:45:00');
INSERT INTO public.transactions (transaction_id, transaction_type, variant_id, quantity, user_id, reference_id, created_at) VALUES (39, 'IMPORT', 39, 10, 2, NULL, '2026-03-19 08:20:00');
INSERT INTO public.transactions (transaction_id, transaction_type, variant_id, quantity, user_id, reference_id, created_at) VALUES (40, 'IMPORT', 40, 10, 10, NULL, '2026-03-20 09:35:00');
INSERT INTO public.transactions (transaction_id, transaction_type, variant_id, quantity, user_id, reference_id, created_at) VALUES (41, 'IMPORT', 41, 5, 12, NULL, '2026-03-20 10:50:00');
INSERT INTO public.transactions (transaction_id, transaction_type, variant_id, quantity, user_id, reference_id, created_at) VALUES (42, 'IMPORT', 42, 5, 1, NULL, '2026-03-20 12:05:00');
INSERT INTO public.transactions (transaction_id, transaction_type, variant_id, quantity, user_id, reference_id, created_at) VALUES (43, 'IMPORT', 43, 5, 2, NULL, '2026-03-20 13:20:00');
INSERT INTO public.transactions (transaction_id, transaction_type, variant_id, quantity, user_id, reference_id, created_at) VALUES (44, 'IMPORT', 44, 5, 10, NULL, '2026-03-20 14:35:00');
INSERT INTO public.transactions (transaction_id, transaction_type, variant_id, quantity, user_id, reference_id, created_at) VALUES (45, 'IMPORT', 45, 5, 12, NULL, '2026-03-20 15:50:00');
INSERT INTO public.transactions (transaction_id, transaction_type, variant_id, quantity, user_id, reference_id, created_at) VALUES (46, 'IMPORT', 46, 5, 1, NULL, '2026-03-20 17:05:00');
INSERT INTO public.transactions (transaction_id, transaction_type, variant_id, quantity, user_id, reference_id, created_at) VALUES (47, 'IMPORT', 47, 5, 2, NULL, '2026-03-20 18:20:00');
INSERT INTO public.transactions (transaction_id, transaction_type, variant_id, quantity, user_id, reference_id, created_at) VALUES (48, 'EXPORT', 1, 5, 10, NULL, '2026-03-15 08:30:00');
INSERT INTO public.transactions (transaction_id, transaction_type, variant_id, quantity, user_id, reference_id, created_at) VALUES (49, 'EXPORT', 2, 5, 12, NULL, '2026-03-16 09:45:00');
INSERT INTO public.transactions (transaction_id, transaction_type, variant_id, quantity, user_id, reference_id, created_at) VALUES (50, 'EXPORT', 10, 5, 1, NULL, '2026-03-17 11:00:00');
INSERT INTO public.transactions (transaction_id, transaction_type, variant_id, quantity, user_id, reference_id, created_at) VALUES (51, 'EXPORT', 14, 5, 2, NULL, '2026-03-18 12:15:00');
INSERT INTO public.transactions (transaction_id, transaction_type, variant_id, quantity, user_id, reference_id, created_at) VALUES (52, 'EXPORT', 15, 5, 10, NULL, '2026-03-19 13:30:00');
INSERT INTO public.transactions (transaction_id, transaction_type, variant_id, quantity, user_id, reference_id, created_at) VALUES (53, 'EXPORT', 3, 5, 12, NULL, '2026-03-20 14:45:00');
INSERT INTO public.transactions (transaction_id, transaction_type, variant_id, quantity, user_id, reference_id, created_at) VALUES (54, 'EXPORT', 4, 5, 1, NULL, '2026-03-21 16:00:00');
INSERT INTO public.transactions (transaction_id, transaction_type, variant_id, quantity, user_id, reference_id, created_at) VALUES (55, 'EXPORT', 5, 5, 2, NULL, '2026-03-22 08:10:00');
INSERT INTO public.transactions (transaction_id, transaction_type, variant_id, quantity, user_id, reference_id, created_at) VALUES (56, 'EXPORT', 6, 5, 10, NULL, '2026-03-23 09:25:00');
INSERT INTO public.transactions (transaction_id, transaction_type, variant_id, quantity, user_id, reference_id, created_at) VALUES (57, 'EXPORT', 7, 5, 12, NULL, '2026-03-24 10:40:00');
INSERT INTO public.transactions (transaction_id, transaction_type, variant_id, quantity, user_id, reference_id, created_at) VALUES (58, 'EXPORT', 8, 5, 1, NULL, '2026-03-25 11:55:00');
INSERT INTO public.transactions (transaction_id, transaction_type, variant_id, quantity, user_id, reference_id, created_at) VALUES (59, 'EXPORT', 9, 5, 2, NULL, '2026-03-25 13:10:00');
INSERT INTO public.transactions (transaction_id, transaction_type, variant_id, quantity, user_id, reference_id, created_at) VALUES (60, 'EXPORT', 11, 5, 10, NULL, '2026-03-25 14:25:00');
INSERT INTO public.transactions (transaction_id, transaction_type, variant_id, quantity, user_id, reference_id, created_at) VALUES (61, 'EXPORT', 12, 5, 12, NULL, '2026-03-25 15:40:00');
INSERT INTO public.transactions (transaction_id, transaction_type, variant_id, quantity, user_id, reference_id, created_at) VALUES (62, 'EXPORT', 13, 5, 1, NULL, '2026-03-25 16:55:00');
INSERT INTO public.transactions (transaction_id, transaction_type, variant_id, quantity, user_id, reference_id, created_at) VALUES (63, 'EXPORT', 16, 4, 2, NULL, '2026-03-26 08:20:00');
INSERT INTO public.transactions (transaction_id, transaction_type, variant_id, quantity, user_id, reference_id, created_at) VALUES (64, 'EXPORT', 17, 4, 10, NULL, '2026-03-27 09:35:00');
INSERT INTO public.transactions (transaction_id, transaction_type, variant_id, quantity, user_id, reference_id, created_at) VALUES (65, 'EXPORT', 18, 4, 12, NULL, '2026-03-28 10:50:00');
INSERT INTO public.transactions (transaction_id, transaction_type, variant_id, quantity, user_id, reference_id, created_at) VALUES (66, 'EXPORT', 19, 4, 1, NULL, '2026-03-29 12:05:00');
INSERT INTO public.transactions (transaction_id, transaction_type, variant_id, quantity, user_id, reference_id, created_at) VALUES (67, 'EXPORT', 20, 4, 2, NULL, '2026-03-30 13:20:00');
INSERT INTO public.transactions (transaction_id, transaction_type, variant_id, quantity, user_id, reference_id, created_at) VALUES (68, 'EXPORT', 21, 4, 10, NULL, '2026-03-31 14:35:00');
INSERT INTO public.transactions (transaction_id, transaction_type, variant_id, quantity, user_id, reference_id, created_at) VALUES (69, 'EXPORT', 22, 4, 12, NULL, '2026-04-01 15:50:00');
INSERT INTO public.transactions (transaction_id, transaction_type, variant_id, quantity, user_id, reference_id, created_at) VALUES (70, 'EXPORT', 23, 4, 1, NULL, '2026-04-02 08:15:00');
INSERT INTO public.transactions (transaction_id, transaction_type, variant_id, quantity, user_id, reference_id, created_at) VALUES (71, 'EXPORT', 24, 4, 2, NULL, '2026-04-03 09:30:00');
INSERT INTO public.transactions (transaction_id, transaction_type, variant_id, quantity, user_id, reference_id, created_at) VALUES (72, 'EXPORT', 25, 4, 10, NULL, '2026-04-04 10:45:00');
INSERT INTO public.transactions (transaction_id, transaction_type, variant_id, quantity, user_id, reference_id, created_at) VALUES (73, 'EXPORT', 26, 4, 12, NULL, '2026-04-05 12:00:00');
INSERT INTO public.transactions (transaction_id, transaction_type, variant_id, quantity, user_id, reference_id, created_at) VALUES (74, 'EXPORT', 27, 4, 1, NULL, '2026-04-05 13:15:00');
INSERT INTO public.transactions (transaction_id, transaction_type, variant_id, quantity, user_id, reference_id, created_at) VALUES (75, 'EXPORT', 28, 4, 2, NULL, '2026-04-05 14:30:00');
INSERT INTO public.transactions (transaction_id, transaction_type, variant_id, quantity, user_id, reference_id, created_at) VALUES (76, 'EXPORT', 29, 4, 10, NULL, '2026-04-05 15:45:00');
INSERT INTO public.transactions (transaction_id, transaction_type, variant_id, quantity, user_id, reference_id, created_at) VALUES (77, 'EXPORT', 30, 4, 12, NULL, '2026-04-05 17:00:00');
INSERT INTO public.transactions (transaction_id, transaction_type, variant_id, quantity, user_id, reference_id, created_at) VALUES (78, 'EXPORT', 31, 3, 1, NULL, '2026-04-06 08:30:00');
INSERT INTO public.transactions (transaction_id, transaction_type, variant_id, quantity, user_id, reference_id, created_at) VALUES (79, 'EXPORT', 32, 3, 2, NULL, '2026-04-07 09:45:00');
INSERT INTO public.transactions (transaction_id, transaction_type, variant_id, quantity, user_id, reference_id, created_at) VALUES (80, 'EXPORT', 33, 3, 10, NULL, '2026-04-08 11:00:00');
INSERT INTO public.transactions (transaction_id, transaction_type, variant_id, quantity, user_id, reference_id, created_at) VALUES (81, 'EXPORT', 34, 3, 12, NULL, '2026-04-09 12:15:00');
INSERT INTO public.transactions (transaction_id, transaction_type, variant_id, quantity, user_id, reference_id, created_at) VALUES (82, 'EXPORT', 35, 3, 1, NULL, '2026-04-10 13:30:00');
INSERT INTO public.transactions (transaction_id, transaction_type, variant_id, quantity, user_id, reference_id, created_at) VALUES (83, 'EXPORT', 36, 3, 2, NULL, '2026-04-11 14:45:00');
INSERT INTO public.transactions (transaction_id, transaction_type, variant_id, quantity, user_id, reference_id, created_at) VALUES (84, 'EXPORT', 37, 3, 10, NULL, '2026-04-12 16:00:00');
INSERT INTO public.transactions (transaction_id, transaction_type, variant_id, quantity, user_id, reference_id, created_at) VALUES (85, 'EXPORT', 38, 3, 12, NULL, '2026-04-13 08:10:00');
INSERT INTO public.transactions (transaction_id, transaction_type, variant_id, quantity, user_id, reference_id, created_at) VALUES (86, 'EXPORT', 39, 3, 1, NULL, '2026-04-14 09:25:00');
INSERT INTO public.transactions (transaction_id, transaction_type, variant_id, quantity, user_id, reference_id, created_at) VALUES (87, 'EXPORT', 40, 3, 2, NULL, '2026-04-15 10:40:00');
INSERT INTO public.transactions (transaction_id, transaction_type, variant_id, quantity, user_id, reference_id, created_at) VALUES (88, 'EXPORT', 31, 2, 10, NULL, '2026-04-16 11:55:00');
INSERT INTO public.transactions (transaction_id, transaction_type, variant_id, quantity, user_id, reference_id, created_at) VALUES (89, 'EXPORT', 32, 2, 12, NULL, '2026-04-16 13:10:00');
INSERT INTO public.transactions (transaction_id, transaction_type, variant_id, quantity, user_id, reference_id, created_at) VALUES (90, 'EXPORT', 33, 2, 1, NULL, '2026-04-16 14:25:00');
INSERT INTO public.transactions (transaction_id, transaction_type, variant_id, quantity, user_id, reference_id, created_at) VALUES (91, 'EXPORT', 34, 2, 2, NULL, '2026-04-16 15:40:00');
INSERT INTO public.transactions (transaction_id, transaction_type, variant_id, quantity, user_id, reference_id, created_at) VALUES (92, 'EXPORT', 35, 2, 10, NULL, '2026-04-17 08:20:00');
INSERT INTO public.transactions (transaction_id, transaction_type, variant_id, quantity, user_id, reference_id, created_at) VALUES (93, 'EXPORT', 36, 2, 12, NULL, '2026-04-17 09:35:00');
INSERT INTO public.transactions (transaction_id, transaction_type, variant_id, quantity, user_id, reference_id, created_at) VALUES (94, 'EXPORT', 37, 2, 1, NULL, '2026-04-17 10:50:00');
INSERT INTO public.transactions (transaction_id, transaction_type, variant_id, quantity, user_id, reference_id, created_at) VALUES (95, 'EXPORT', 38, 2, 2, NULL, '2026-04-17 12:05:00');
INSERT INTO public.transactions (transaction_id, transaction_type, variant_id, quantity, user_id, reference_id, created_at) VALUES (96, 'EXPORT', 39, 2, 10, NULL, '2026-04-18 13:20:00');
INSERT INTO public.transactions (transaction_id, transaction_type, variant_id, quantity, user_id, reference_id, created_at) VALUES (97, 'EXPORT', 40, 2, 12, NULL, '2026-04-18 14:35:00');
INSERT INTO public.transactions (transaction_id, transaction_type, variant_id, quantity, user_id, reference_id, created_at) VALUES (98, 'EXPORT', 41, 2, 1, NULL, '2026-04-18 08:00:00');
INSERT INTO public.transactions (transaction_id, transaction_type, variant_id, quantity, user_id, reference_id, created_at) VALUES (99, 'EXPORT', 42, 2, 2, NULL, '2026-04-18 09:15:00');
INSERT INTO public.transactions (transaction_id, transaction_type, variant_id, quantity, user_id, reference_id, created_at) VALUES (100, 'EXPORT', 43, 2, 10, NULL, '2026-04-18 10:30:00');
INSERT INTO public.transactions (transaction_id, transaction_type, variant_id, quantity, user_id, reference_id, created_at) VALUES (101, 'EXPORT', 44, 2, 12, NULL, '2026-04-18 11:45:00');
INSERT INTO public.transactions (transaction_id, transaction_type, variant_id, quantity, user_id, reference_id, created_at) VALUES (102, 'EXPORT', 45, 2, 1, NULL, '2026-04-18 13:00:00');
INSERT INTO public.transactions (transaction_id, transaction_type, variant_id, quantity, user_id, reference_id, created_at) VALUES (103, 'EXPORT', 46, 2, 2, NULL, '2026-04-18 14:15:00');
INSERT INTO public.transactions (transaction_id, transaction_type, variant_id, quantity, user_id, reference_id, created_at) VALUES (104, 'EXPORT', 47, 2, 10, NULL, '2026-04-18 15:30:00');
INSERT INTO public.transactions (transaction_id, transaction_type, variant_id, quantity, user_id, reference_id, created_at) VALUES (105, 'IMPORT', 48, 15, 2, NULL, '2026-04-18 18:56:27');
INSERT INTO public.transactions (transaction_id, transaction_type, variant_id, quantity, user_id, reference_id, created_at) VALUES (106, 'EXPORT', 48, 1, 2, NULL, '2026-04-18 18:56:50');
INSERT INTO public.transactions (transaction_id, transaction_type, variant_id, quantity, user_id, reference_id, created_at) VALUES (107, 'IMPORT', 49, 2, 2, NULL, '2026-04-19 00:10:53');
INSERT INTO public.transactions (transaction_id, transaction_type, variant_id, quantity, user_id, reference_id, created_at) VALUES (108, 'IMPORT', 50, 3, 2, NULL, '2026-04-19 01:17:20');
INSERT INTO public.transactions (transaction_id, transaction_type, variant_id, quantity, user_id, reference_id, created_at) VALUES (109, 'IMPORT', 50, 3, 2, NULL, '2026-04-19 01:17:20');
INSERT INTO public.transactions (transaction_id, transaction_type, variant_id, quantity, user_id, reference_id, created_at) VALUES (110, 'EXPORT', 50, 2, 2, NULL, '2026-04-19 01:18:27');
INSERT INTO public.transactions (transaction_id, transaction_type, variant_id, quantity, user_id, reference_id, created_at) VALUES (111, 'IMPORT', 51, 1, 2, NULL, '2026-04-20 01:33:56');
INSERT INTO public.transactions (transaction_id, transaction_type, variant_id, quantity, user_id, reference_id, created_at) VALUES (112, 'IMPORT', 51, 1, 2, NULL, '2026-04-20 01:33:56');
INSERT INTO public.transactions (transaction_id, transaction_type, variant_id, quantity, user_id, reference_id, created_at) VALUES (113, 'IMPORT', 52, 1, 2, NULL, '2026-04-20 01:34:16');
INSERT INTO public.transactions (transaction_id, transaction_type, variant_id, quantity, user_id, reference_id, created_at) VALUES (114, 'IMPORT', 52, 1, 2, NULL, '2026-04-20 01:34:16');
INSERT INTO public.transactions (transaction_id, transaction_type, variant_id, quantity, user_id, reference_id, created_at) VALUES (115, 'IMPORT', 53, 1, 2, NULL, '2026-04-20 01:36:20');
INSERT INTO public.transactions (transaction_id, transaction_type, variant_id, quantity, user_id, reference_id, created_at) VALUES (116, 'IMPORT', 53, 1, 2, NULL, '2026-04-20 01:36:20');
INSERT INTO public.transactions (transaction_id, transaction_type, variant_id, quantity, user_id, reference_id, created_at) VALUES (117, 'IMPORT', 52, 1, 2, NULL, '2026-04-20 01:36:42');
INSERT INTO public.transactions (transaction_id, transaction_type, variant_id, quantity, user_id, reference_id, created_at) VALUES (118, 'IMPORT', 52, 1, 2, NULL, '2026-04-20 01:36:42');
INSERT INTO public.transactions (transaction_id, transaction_type, variant_id, quantity, user_id, reference_id, created_at) VALUES (119, 'EXPORT', 53, 1, 2, NULL, '2026-04-20 01:37:48');
INSERT INTO public.transactions (transaction_id, transaction_type, variant_id, quantity, user_id, reference_id, created_at) VALUES (120, 'EXPORT', 52, 2, 2, NULL, '2026-04-20 01:38:23');
INSERT INTO public.transactions (transaction_id, transaction_type, variant_id, quantity, user_id, reference_id, created_at) VALUES (121, 'EXPORT', 22, 3, 2, NULL, '2026-04-20 01:38:23');
INSERT INTO public.transactions (transaction_id, transaction_type, variant_id, quantity, user_id, reference_id, created_at) VALUES (122, 'EXPORT', 15, 5, 2, NULL, '2026-04-20 01:53:46');
INSERT INTO public.transactions (transaction_id, transaction_type, variant_id, quantity, user_id, reference_id, created_at) VALUES (123, 'EXPORT', 51, 1, 2, NULL, '2026-04-20 01:54:45');
INSERT INTO public.transactions (transaction_id, transaction_type, variant_id, quantity, user_id, reference_id, created_at) VALUES (124, 'EXPORT', 50, 1, 2, NULL, '2026-04-20 01:55:46');
INSERT INTO public.transactions (transaction_id, transaction_type, variant_id, quantity, user_id, reference_id, created_at) VALUES (125, 'IMPORT', 54, 1, 2, NULL, '2026-04-20 02:00:43');
INSERT INTO public.transactions (transaction_id, transaction_type, variant_id, quantity, user_id, reference_id, created_at) VALUES (126, 'IMPORT', 54, 1, 2, NULL, '2026-04-20 02:00:43');
INSERT INTO public.transactions (transaction_id, transaction_type, variant_id, quantity, user_id, reference_id, created_at) VALUES (127, 'IMPORT', 12, 1, 2, NULL, '2026-04-20 02:01:17');
INSERT INTO public.transactions (transaction_id, transaction_type, variant_id, quantity, user_id, reference_id, created_at) VALUES (128, 'IMPORT', 12, 1, 2, NULL, '2026-04-20 02:01:17');
INSERT INTO public.transactions (transaction_id, transaction_type, variant_id, quantity, user_id, reference_id, created_at) VALUES (129, 'EXPORT', 54, 1, 2, NULL, '2026-04-20 02:01:44');
INSERT INTO public.transactions (transaction_id, transaction_type, variant_id, quantity, user_id, reference_id, created_at) VALUES (130, 'EXPORT', 12, 1, 2, NULL, '2026-04-20 02:01:59');
INSERT INTO public.transactions (transaction_id, transaction_type, variant_id, quantity, user_id, reference_id, created_at) VALUES (131, 'IMPORT', 53, 2, 2, NULL, '2026-04-20 02:04:12');
INSERT INTO public.transactions (transaction_id, transaction_type, variant_id, quantity, user_id, reference_id, created_at) VALUES (132, 'IMPORT', 53, 2, 2, NULL, '2026-04-20 02:04:12');
INSERT INTO public.transactions (transaction_id, transaction_type, variant_id, quantity, user_id, reference_id, created_at) VALUES (133, 'IMPORT', 55, 2, 2, NULL, '2026-04-20 02:04:28');
INSERT INTO public.transactions (transaction_id, transaction_type, variant_id, quantity, user_id, reference_id, created_at) VALUES (134, 'IMPORT', 55, 2, 2, NULL, '2026-04-20 02:04:28');
INSERT INTO public.transactions (transaction_id, transaction_type, variant_id, quantity, user_id, reference_id, created_at) VALUES (135, 'IMPORT', 56, 3, 2, NULL, '2026-04-20 02:05:02');
INSERT INTO public.transactions (transaction_id, transaction_type, variant_id, quantity, user_id, reference_id, created_at) VALUES (136, 'IMPORT', 56, 3, 2, NULL, '2026-04-20 02:05:02');
INSERT INTO public.transactions (transaction_id, transaction_type, variant_id, quantity, user_id, reference_id, created_at) VALUES (137, 'EXPORT', 53, 2, 2, NULL, '2026-04-20 02:05:50');
INSERT INTO public.transactions (transaction_id, transaction_type, variant_id, quantity, user_id, reference_id, created_at) VALUES (138, 'EXPORT', 55, 1, 2, NULL, '2026-04-20 02:06:16');
INSERT INTO public.transactions (transaction_id, transaction_type, variant_id, quantity, user_id, reference_id, created_at) VALUES (139, 'IMPORT', 57, 2, 2, NULL, '2026-04-20 06:02:42');
INSERT INTO public.transactions (transaction_id, transaction_type, variant_id, quantity, user_id, reference_id, created_at) VALUES (140, 'IMPORT', 57, 2, 2, NULL, '2026-04-20 06:02:42');
INSERT INTO public.transactions (transaction_id, transaction_type, variant_id, quantity, user_id, reference_id, created_at) VALUES (141, 'IMPORT', 58, 1, 2, NULL, '2026-04-20 06:03:04');
INSERT INTO public.transactions (transaction_id, transaction_type, variant_id, quantity, user_id, reference_id, created_at) VALUES (142, 'IMPORT', 58, 1, 2, NULL, '2026-04-20 06:03:04');
INSERT INTO public.transactions (transaction_id, transaction_type, variant_id, quantity, user_id, reference_id, created_at) VALUES (143, 'EXPORT', 57, 1, 2, NULL, '2026-04-20 06:03:41');
INSERT INTO public.transactions (transaction_id, transaction_type, variant_id, quantity, user_id, reference_id, created_at) VALUES (144, 'IMPORT', 59, 1, 2, NULL, '2026-04-20 06:04:34');
INSERT INTO public.transactions (transaction_id, transaction_type, variant_id, quantity, user_id, reference_id, created_at) VALUES (145, 'IMPORT', 59, 1, 2, NULL, '2026-04-20 06:04:34');
INSERT INTO public.transactions (transaction_id, transaction_type, variant_id, quantity, user_id, reference_id, created_at) VALUES (146, 'IMPORT', 60, 6, 2, NULL, '2026-04-20 06:06:07');
INSERT INTO public.transactions (transaction_id, transaction_type, variant_id, quantity, user_id, reference_id, created_at) VALUES (147, 'IMPORT', 60, 6, 2, NULL, '2026-04-20 06:06:07');
INSERT INTO public.transactions (transaction_id, transaction_type, variant_id, quantity, user_id, reference_id, created_at) VALUES (148, 'EXPORT', 57, 1, 2, NULL, '2026-04-20 06:06:53');
INSERT INTO public.transactions (transaction_id, transaction_type, variant_id, quantity, user_id, reference_id, created_at) VALUES (149, 'EXPORT', 60, 6, 2, NULL, '2026-04-20 06:06:53');
INSERT INTO public.transactions (transaction_id, transaction_type, variant_id, quantity, user_id, reference_id, created_at) VALUES (150, 'EXPORT', 58, 1, 2, NULL, '2026-04-20 06:07:51');
INSERT INTO public.transactions (transaction_id, transaction_type, variant_id, quantity, user_id, reference_id, created_at) VALUES (151, 'EXPORT', 59, 1, 2, NULL, '2026-04-20 06:08:04');
INSERT INTO public.transactions (transaction_id, transaction_type, variant_id, quantity, user_id, reference_id, created_at) VALUES (152, 'IMPORT', 61, 1, 2, NULL, '2026-04-20 06:10:42');
INSERT INTO public.transactions (transaction_id, transaction_type, variant_id, quantity, user_id, reference_id, created_at) VALUES (153, 'IMPORT', 61, 1, 2, NULL, '2026-04-20 06:10:42');


--
-- TOC entry 5256 (class 0 OID 17049)
-- Dependencies: 221
-- Data for Name: users; Type: TABLE DATA; Schema: public; Owner: -
--

INSERT INTO public.users (user_id, username, password_hash, full_name, role, status, created_at, is_deleted, phone_number, address) VALUES (10, 'kietpro', '$2y$10$LSkU2aKw6vyCyoeHyA15Pe.kP/JFhR32K8Xa4838MKapz/CMtLNwG', 'Phan Kiet', 'STAFF', true, '2026-03-31 13:12:46.232382', false, '0933445566', '10 Hoàng Diệu, Quận Ba Đình, Hà Nội');
INSERT INTO public.users (user_id, username, password_hash, full_name, role, status, created_at, is_deleted, phone_number, address) VALUES (11, 'kietvip', '$2y$10$oBqkXk35nx9pEHZS.xWxz.kW90YjgXO5pv/BBJBMS5D3cDxOWqvSS', 'Quoc Kiet', 'STAFF', true, '2026-03-31 13:12:46.232382', true, '0944556677', '11 Bạch Đằng, Quận Hồng Bàng, Hải Phòng');
INSERT INTO public.users (user_id, username, password_hash, full_name, role, status, created_at, is_deleted, phone_number, address) VALUES (13, 'phankiet123', '$2y$10$elCYTBuKYuG5HNnbFhWH8.SF9nNwWdTe9gwsdZUFnoYE7kqypPRpW', 'kietdz', 'STAFF', true, '2026-03-31 13:12:46.232382', false, '0966778899', '13 Nguyễn Trãi, Quận 5, TP.HCM');
INSERT INTO public.users (user_id, username, password_hash, full_name, role, status, created_at, is_deleted, phone_number, address) VALUES (1, 'admin', '$2y$10$VdzcwyYojuQCtGNWBD1HzOFLdBHknI34vFzXTtPe9yEheiZXytK/a', 'Phan Quốc Kiệt', 'MANAGER', true, '2026-03-31 13:12:46.232382', false, '0901234500', '23 Lê Lợi, Phường Bến Thành, Quận 1, TP.HCM');
INSERT INTO public.users (user_id, username, password_hash, full_name, role, status, created_at, is_deleted, phone_number, address) VALUES (12, 'kiet', '$2y$10$gxMB28Affm1TMJ.kUIKZ/uQEbj2ap2ldl6UtU6zDsLWPLifgV4oJ6', 'kiet123', 'STAFF', true, '2026-03-31 13:12:46.232382', false, '0955667788', '12 Quang Trung, TP. Đà Lạt, Lâm Đồng');
INSERT INTO public.users (user_id, username, password_hash, full_name, role, status, created_at, is_deleted, phone_number, address) VALUES (14, 'test123', '$2y$10$bxoICqHTu6MoKTT8gDMkN.sWi5NUn0lK8d6aRK.OIjBXuqZB4ig.a', 'kiettest', 'STAFF', true, '2026-04-02 23:09:25.594093', false, NULL, NULL);
INSERT INTO public.users (user_id, username, password_hash, full_name, role, status, created_at, is_deleted, phone_number, address) VALUES (3, 'staff2', '$2y$10$f86nxwquQB5QMKrWUfb1pudKTVmUwtZxi2ClDlvxtnbaWNQJw2ene', 'Staff Two', 'STAFF', true, '2026-03-31 13:12:46.232382', false, '0987654321', '789 Trần Hưng Đạo, Quận Sơn Trà, Đà Nẵng');
INSERT INTO public.users (user_id, username, password_hash, full_name, role, status, created_at, is_deleted, phone_number, address) VALUES (2, 'staff1', '$2y$10$MIlF4hYtfwwlUYGyvv7.T.Ki2xiXFPPNOiWI.zXMVomiKf9YvoTa6', 'Staff One', 'STAFF', true, '2026-03-31 13:12:46.232382', false, '0901234500', '85 Nguyễn Huệ, Quận Ninh Kiều, Cần Thơ');


--
-- TOC entry 5287 (class 0 OID 0)
-- Dependencies: 230
-- Name: ai_forecasts_forecast_id_seq; Type: SEQUENCE SET; Schema: public; Owner: -
--

SELECT pg_catalog.setval('public.ai_forecasts_forecast_id_seq', 1, false);


--
-- TOC entry 5288 (class 0 OID 0)
-- Dependencies: 222
-- Name: categories_category_id_seq; Type: SEQUENCE SET; Schema: public; Owner: -
--

SELECT pg_catalog.setval('public.categories_category_id_seq', 13, true);


--
-- TOC entry 5289 (class 0 OID 0)
-- Dependencies: 241
-- Name: chat_history_id_seq; Type: SEQUENCE SET; Schema: public; Owner: -
--

SELECT pg_catalog.setval('public.chat_history_id_seq', 1, false);


--
-- TOC entry 5290 (class 0 OID 0)
-- Dependencies: 227
-- Name: inventory_inventory_id_seq; Type: SEQUENCE SET; Schema: public; Owner: -
--

SELECT pg_catalog.setval('public.inventory_inventory_id_seq', 1, false);


--
-- TOC entry 5291 (class 0 OID 0)
-- Dependencies: 228
-- Name: pending_imports_approval_id_seq; Type: SEQUENCE SET; Schema: public; Owner: -
--

SELECT pg_catalog.setval('public.pending_imports_approval_id_seq', 2, true);


--
-- TOC entry 5292 (class 0 OID 0)
-- Dependencies: 226
-- Name: product_variants_variant_id_seq; Type: SEQUENCE SET; Schema: public; Owner: -
--

SELECT pg_catalog.setval('public.product_variants_variant_id_seq', 42, true);


--
-- TOC entry 5293 (class 0 OID 0)
-- Dependencies: 237
-- Name: product_variants_variant_id_seq1; Type: SEQUENCE SET; Schema: public; Owner: -
--

SELECT pg_catalog.setval('public.product_variants_variant_id_seq1', 61, true);


--
-- TOC entry 5294 (class 0 OID 0)
-- Dependencies: 225
-- Name: products_product_id_seq; Type: SEQUENCE SET; Schema: public; Owner: -
--

SELECT pg_catalog.setval('public.products_product_id_seq', 39, true);


--
-- TOC entry 5295 (class 0 OID 0)
-- Dependencies: 235
-- Name: products_product_id_seq1; Type: SEQUENCE SET; Schema: public; Owner: -
--

SELECT pg_catalog.setval('public.products_product_id_seq1', 12, true);


--
-- TOC entry 5296 (class 0 OID 0)
-- Dependencies: 224
-- Name: shelves_shelf_id_seq; Type: SEQUENCE SET; Schema: public; Owner: -
--

SELECT pg_catalog.setval('public.shelves_shelf_id_seq', 4, true);


--
-- TOC entry 5297 (class 0 OID 0)
-- Dependencies: 243
-- Name: shelves_shelf_id_seq1; Type: SEQUENCE SET; Schema: public; Owner: -
--

SELECT pg_catalog.setval('public.shelves_shelf_id_seq1', 6, true);


--
-- TOC entry 5298 (class 0 OID 0)
-- Dependencies: 232
-- Name: system_logs_log_id_seq; Type: SEQUENCE SET; Schema: public; Owner: -
--

SELECT pg_catalog.setval('public.system_logs_log_id_seq', 3, true);


--
-- TOC entry 5299 (class 0 OID 0)
-- Dependencies: 234
-- Name: transactions_transaction_id_seq; Type: SEQUENCE SET; Schema: public; Owner: -
--

SELECT pg_catalog.setval('public.transactions_transaction_id_seq', 617, true);


--
-- TOC entry 5300 (class 0 OID 0)
-- Dependencies: 239
-- Name: transactions_transaction_id_seq1; Type: SEQUENCE SET; Schema: public; Owner: -
--

SELECT pg_catalog.setval('public.transactions_transaction_id_seq1', 153, true);


--
-- TOC entry 5301 (class 0 OID 0)
-- Dependencies: 220
-- Name: users_user_id_seq; Type: SEQUENCE SET; Schema: public; Owner: -
--

SELECT pg_catalog.setval('public.users_user_id_seq', 46, true);


--
-- TOC entry 5082 (class 2606 OID 17164)
-- Name: ai_forecasts ai_forecasts_pkey; Type: CONSTRAINT; Schema: public; Owner: -
--

ALTER TABLE ONLY public.ai_forecasts
    ADD CONSTRAINT ai_forecasts_pkey PRIMARY KEY (forecast_id);


--
-- TOC entry 5076 (class 2606 OID 17146)
-- Name: categories categories_category_name_key; Type: CONSTRAINT; Schema: public; Owner: -
--

ALTER TABLE ONLY public.categories
    ADD CONSTRAINT categories_category_name_key UNIQUE (category_name);


--
-- TOC entry 5078 (class 2606 OID 17144)
-- Name: categories categories_pkey; Type: CONSTRAINT; Schema: public; Owner: -
--

ALTER TABLE ONLY public.categories
    ADD CONSTRAINT categories_pkey PRIMARY KEY (category_id);


--
-- TOC entry 5096 (class 2606 OID 25459)
-- Name: chat_history chat_history_pkey; Type: CONSTRAINT; Schema: public; Owner: -
--

ALTER TABLE ONLY public.chat_history
    ADD CONSTRAINT chat_history_pkey PRIMARY KEY (id);


--
-- TOC entry 5080 (class 2606 OID 17162)
-- Name: pending_imports pending_imports_pkey; Type: CONSTRAINT; Schema: public; Owner: -
--

ALTER TABLE ONLY public.pending_imports
    ADD CONSTRAINT pending_imports_pkey PRIMARY KEY (approval_id);


--
-- TOC entry 5090 (class 2606 OID 17421)
-- Name: product_variants product_variants_pkey; Type: CONSTRAINT; Schema: public; Owner: -
--

ALTER TABLE ONLY public.product_variants
    ADD CONSTRAINT product_variants_pkey PRIMARY KEY (variant_id);


--
-- TOC entry 5092 (class 2606 OID 17423)
-- Name: product_variants product_variants_sku_key; Type: CONSTRAINT; Schema: public; Owner: -
--

ALTER TABLE ONLY public.product_variants
    ADD CONSTRAINT product_variants_sku_key UNIQUE (sku);


--
-- TOC entry 5088 (class 2606 OID 17401)
-- Name: products products_pkey; Type: CONSTRAINT; Schema: public; Owner: -
--

ALTER TABLE ONLY public.products
    ADD CONSTRAINT products_pkey PRIMARY KEY (product_id);


--
-- TOC entry 5098 (class 2606 OID 33656)
-- Name: shelves shelves_pkey; Type: CONSTRAINT; Schema: public; Owner: -
--

ALTER TABLE ONLY public.shelves
    ADD CONSTRAINT shelves_pkey PRIMARY KEY (shelf_id);


--
-- TOC entry 5100 (class 2606 OID 33658)
-- Name: shelves shelves_shelf_name_key; Type: CONSTRAINT; Schema: public; Owner: -
--

ALTER TABLE ONLY public.shelves
    ADD CONSTRAINT shelves_shelf_name_key UNIQUE (shelf_name);


--
-- TOC entry 5086 (class 2606 OID 17168)
-- Name: system_logs system_logs_pkey; Type: CONSTRAINT; Schema: public; Owner: -
--

ALTER TABLE ONLY public.system_logs
    ADD CONSTRAINT system_logs_pkey PRIMARY KEY (log_id);


--
-- TOC entry 5094 (class 2606 OID 17437)
-- Name: transactions transactions_pkey; Type: CONSTRAINT; Schema: public; Owner: -
--

ALTER TABLE ONLY public.transactions
    ADD CONSTRAINT transactions_pkey PRIMARY KEY (transaction_id);


--
-- TOC entry 5084 (class 2606 OID 17166)
-- Name: ai_forecasts unique_variant_month; Type: CONSTRAINT; Schema: public; Owner: -
--

ALTER TABLE ONLY public.ai_forecasts
    ADD CONSTRAINT unique_variant_month UNIQUE (variant_id, forecast_month);


--
-- TOC entry 5072 (class 2606 OID 17140)
-- Name: users users_pkey; Type: CONSTRAINT; Schema: public; Owner: -
--

ALTER TABLE ONLY public.users
    ADD CONSTRAINT users_pkey PRIMARY KEY (user_id);


--
-- TOC entry 5074 (class 2606 OID 17142)
-- Name: users users_username_key; Type: CONSTRAINT; Schema: public; Owner: -
--

ALTER TABLE ONLY public.users
    ADD CONSTRAINT users_username_key UNIQUE (username);


--
-- TOC entry 5101 (class 2606 OID 17171)
-- Name: categories fk_categories_created_by; Type: FK CONSTRAINT; Schema: public; Owner: -
--

ALTER TABLE ONLY public.categories
    ADD CONSTRAINT fk_categories_created_by FOREIGN KEY (created_by) REFERENCES public.users(user_id);


--
-- TOC entry 5104 (class 2606 OID 17226)
-- Name: system_logs fk_logs_user; Type: FK CONSTRAINT; Schema: public; Owner: -
--

ALTER TABLE ONLY public.system_logs
    ADD CONSTRAINT fk_logs_user FOREIGN KEY (user_id) REFERENCES public.users(user_id);


--
-- TOC entry 5102 (class 2606 OID 17211)
-- Name: pending_imports fk_pending_manager; Type: FK CONSTRAINT; Schema: public; Owner: -
--

ALTER TABLE ONLY public.pending_imports
    ADD CONSTRAINT fk_pending_manager FOREIGN KEY (manager_id) REFERENCES public.users(user_id);


--
-- TOC entry 5103 (class 2606 OID 17216)
-- Name: pending_imports fk_pending_staff; Type: FK CONSTRAINT; Schema: public; Owner: -
--

ALTER TABLE ONLY public.pending_imports
    ADD CONSTRAINT fk_pending_staff FOREIGN KEY (staff_id) REFERENCES public.users(user_id);


--
-- TOC entry 5107 (class 2606 OID 17424)
-- Name: product_variants product_variants_product_id_fkey; Type: FK CONSTRAINT; Schema: public; Owner: -
--

ALTER TABLE ONLY public.product_variants
    ADD CONSTRAINT product_variants_product_id_fkey FOREIGN KEY (product_id) REFERENCES public.products(product_id) ON DELETE CASCADE;


--
-- TOC entry 5105 (class 2606 OID 17402)
-- Name: products products_category_id_fkey; Type: FK CONSTRAINT; Schema: public; Owner: -
--

ALTER TABLE ONLY public.products
    ADD CONSTRAINT products_category_id_fkey FOREIGN KEY (category_id) REFERENCES public.categories(category_id);


--
-- TOC entry 5106 (class 2606 OID 17407)
-- Name: products products_created_by_fkey; Type: FK CONSTRAINT; Schema: public; Owner: -
--

ALTER TABLE ONLY public.products
    ADD CONSTRAINT products_created_by_fkey FOREIGN KEY (created_by) REFERENCES public.users(user_id);


--
-- TOC entry 5108 (class 2606 OID 17443)
-- Name: transactions transactions_user_id_fkey; Type: FK CONSTRAINT; Schema: public; Owner: -
--

ALTER TABLE ONLY public.transactions
    ADD CONSTRAINT transactions_user_id_fkey FOREIGN KEY (user_id) REFERENCES public.users(user_id);


--
-- TOC entry 5109 (class 2606 OID 17438)
-- Name: transactions transactions_variant_id_fkey; Type: FK CONSTRAINT; Schema: public; Owner: -
--

ALTER TABLE ONLY public.transactions
    ADD CONSTRAINT transactions_variant_id_fkey FOREIGN KEY (variant_id) REFERENCES public.product_variants(variant_id) ON DELETE CASCADE;


-- Completed on 2026-04-20 06:12:53

--
-- PostgreSQL database dump complete
--

\unrestrict HWQrj4IGwoa5NfCOGTsuDtfqRE82D9EolkTKjsu4oSXSx6KCZ0cUJoXSsUGOVZC

